time,aapl,amd,msft
2015-01-02,27.32,2.69,46.76
2015-01-05,26.58,2.66,46.36
2015-01-06,26.55,2.63,45.63
2015-01-07,26.93,2.57,46.21
2015-01-08,27.95,2.61,47.62
2015-01-09,28.0,2.63,47.17
2015-01-12,27.32,2.62,46.62
2015-01-13,27.52,2.66,46.3
2015-01-14,27.41,2.61,45.9
2015-01-15,26.71,2.52,45.49
2015-01-16,26.5,2.39,46.22
2015-01-20,27.18,2.25,46.39
2015-01-21,27.41,2.43,45.97
2015-01-22,28.09,2.4699999999999998,47.05
2015-01-23,28.24,2.45,47.14
2015-01-26,28.29,2.61,47.02
2015-01-27,27.31,2.71,42.65
2015-01-28,28.91,2.62,41.18
2015-01-29,29.68,2.62,41.96
2015-01-30,29.24,2.57,40.38
2015-02-02,29.62,2.66,41.29
2015-02-03,29.65,2.76,41.55
2015-02-04,29.84,2.86,41.76
2015-02-05,29.97,3.35,42.47
2015-02-06,29.71,3.03,42.38
2015-02-09,29.94,3.03,42.37
2015-02-10,30.51,3.05,42.59
2015-02-11,31.21,3.06,42.27
2015-02-12,31.61,3.11,43.04
2015-02-13,31.77,3.15,43.86
2015-02-17,31.89,3.12,43.55
2015-02-18,32.18,3.08,43.53
2015-02-19,32.1,3.06,43.48
2015-02-20,32.33,3.06,43.85
2015-02-23,33.24,3.05,44.13
2015-02-24,33.06,3.1,44.09
2015-02-25,32.19,3.11,43.93
2015-02-26,32.61,3.09,44.06
2015-02-27,32.11,3.11,43.85
2015-03-02,32.24,3.21,43.82
2015-03-03,32.35,3.15,43.28
2015-03-04,32.13,3.06,43.03
2015-03-05,31.59,2.99,43.09
2015-03-06,31.61,2.92,42.3
2015-03-09,31.81,2.93,42.85
2015-03-10,31.17,2.93,42.12
2015-03-11,30.58,2.85,42.0
2015-03-12,31.13,2.75,41.01
2015-03-13,30.89,2.76,41.42
2015-03-16,31.24,2.75,41.58
2015-03-17,31.78,2.7800000000000002,41.72
2015-03-18,32.13,2.76,42.47
2015-03-19,31.87,2.75,42.33
2015-03-20,31.7,2.81,42.78
2015-03-23,31.86,2.84,42.9
2015-03-24,31.69,2.79,42.95
2015-03-25,30.87,2.64,41.5
2015-03-26,31.1,2.66,41.21
2015-03-27,30.78,2.74,40.99
2015-03-30,31.58,2.7,40.97
2015-03-31,31.19,2.68,40.77
2015-04-01,31.03,2.68,40.67
2015-04-02,31.38,2.68,40.34
2015-04-06,31.82,2.7199999999999998,41.59
2015-04-07,31.52,2.7,41.57
2015-04-08,31.37,2.7199999999999998,41.4
2015-04-09,31.64,2.73,41.48
2015-04-10,31.77,2.75,41.71
2015-04-13,31.69,2.77,41.81
2015-04-14,31.55,2.68,41.59
2015-04-15,31.71,2.7,42.27
2015-04-16,31.54,2.88,42.16
2015-04-17,31.18,2.57,41.59
2015-04-20,31.91,2.5,42.95
2015-04-21,31.72,2.35,42.65
2015-04-22,32.15,2.29,43.01
2015-04-23,32.43,2.34,43.33
2015-04-24,32.56,2.31,47.89
2015-04-27,33.12,2.34,48.0
2015-04-28,32.59,2.31,49.12
2015-04-29,32.13,2.29,49.04
2015-04-30,31.26,2.2800000000000002,48.68
2015-05-01,32.21,2.31,48.61
2015-05-04,32.19,2.32,48.22
2015-05-05,31.46,2.29,47.66
2015-05-06,31.25,2.3,46.27
2015-05-07,31.31,2.32,46.77
2015-05-08,31.88,2.3,47.77
2015-05-11,31.6,2.32,47.44
2015-05-12,31.51,2.34,47.39
2015-05-13,31.49,2.36,47.63
2015-05-14,32.23,2.35,48.76
2015-05-15,32.18,2.33,48.28
2015-05-18,32.55,2.34,48.02
2015-05-19,32.53,2.29,47.55
2015-05-20,32.56,2.31,47.6
2015-05-21,32.86,2.31,47.41
2015-05-22,33.18,2.2800000000000002,46.9
2015-05-26,32.41,2.23,46.59
2015-05-27,33.03,2.2800000000000002,47.69
2015-05-28,32.96,2.27,47.46
2015-05-29,32.64,2.2800000000000002,46.96
2015-06-01,32.63,2.25,47.25
2015-06-02,32.5,2.29,46.96
2015-06-03,32.51,2.3,46.84
2015-06-04,32.32,2.31,46.35
2015-06-05,32.18,2.33,46.2
2015-06-08,31.96,2.3,45.75
2015-06-09,31.88,2.2800000000000002,45.68
2015-06-10,32.24,2.33,46.66
2015-06-11,32.18,2.32,46.42
2015-06-12,31.8,2.31,46.02
2015-06-15,31.75,2.33,45.46
2015-06-16,31.87,2.36,45.82
2015-06-17,31.86,2.49,45.99
2015-06-18,31.94,2.52,46.69
2015-06-19,31.64,2.59,46.08
2015-06-22,31.88,2.62,46.17
2015-06-23,31.76,2.61,45.92
2015-06-24,32.04,2.63,45.68
2015-06-25,31.92,2.58,45.7
2015-06-26,31.71,2.45,45.29
2015-06-29,31.13,2.36,44.37
2015-06-30,31.4,2.42,44.26
2015-07-01,31.62,2.41,44.44
2015-07-02,31.6,2.5300000000000002,44.4
2015-07-06,31.48,2.4699999999999998,44.4
2015-07-07,31.39,2.08,44.27
2015-07-08,30.67,2.02,44.29
2015-07-09,30.03,2.0,44.59
2015-07-10,30.84,1.96,44.69
2015-07-13,31.41,1.95,45.56
2015-07-14,31.42,2.05,45.65
2015-07-15,31.68,1.96,45.74
2015-07-16,32.11,1.87,46.65
2015-07-17,32.36,1.79,46.56
2015-07-20,33.01,1.81,46.92
2015-07-21,32.72,1.79,47.23
2015-07-22,31.28,1.78,45.46
2015-07-23,31.28,1.75,46.13
2015-07-24,31.1,1.67,46.0
2015-07-27,30.66,1.6400000000000001,45.34
2015-07-28,30.82,1.77,45.35
2015-07-29,30.72,1.99,46.34
2015-07-30,30.6,1.9300000000000002,46.99
2015-07-31,30.36,1.9300000000000002,46.81
2015-08-03,29.57,2.21,46.74
2015-08-04,28.66,2.12,47.64
2015-08-05,28.86,2.16,47.6
2015-08-06,28.82,2.11,46.63
2015-08-07,28.85,2.1,46.69
2015-08-10,29.9,1.9300000000000002,47.28
2015-08-11,28.39,1.9,46.47
2015-08-12,28.81,1.92,46.8
2015-08-13,28.81,1.81,46.79
2015-08-14,29.0,1.8399999999999999,47.06
2015-08-17,29.31,1.8,47.37
2015-08-18,29.12,1.8,47.29
2015-08-19,28.79,1.81,46.74
2015-08-20,28.22,1.7,45.81
2015-08-21,26.55,1.79,43.35
2015-08-24,25.89,1.76,41.97
2015-08-25,26.0,1.6800000000000002,40.7
2015-08-26,27.4,1.72,42.68
2015-08-27,28.18,1.78,43.85
2015-08-28,28.3,1.85,43.88
2015-08-31,28.24,1.8199999999999998,43.53
2015-09-01,27.09,1.74,41.94
2015-09-02,27.98,1.78,43.18
2015-09-03,27.63,1.8,43.61
2015-09-04,27.34,1.8199999999999998,42.6
2015-09-08,28.07,1.87,43.88
2015-09-09,27.5,1.8599999999999999,42.99
2015-09-10,28.12,1.85,43.27
2015-09-11,28.5,2.01,43.32
2015-09-14,28.83,1.81,43.03
2015-09-15,29.05,1.8599999999999999,44.01
2015-09-16,29.1,1.88,44.33
2015-09-17,28.48,1.88,44.25
2015-09-18,28.34,1.8599999999999999,43.47
2015-09-21,28.8,1.8199999999999998,44.15
2015-09-22,28.36,1.74,43.98
2015-09-23,28.62,1.71,43.98
2015-09-24,28.8,1.72,44.02
2015-09-25,28.72,1.72,43.99
2015-09-28,28.15,1.6800000000000002,43.34
2015-09-29,27.29,1.6800000000000002,43.55
2015-09-30,27.52,1.72,44.19
2015-10-01,27.37,1.75,44.56
2015-10-02,27.57,1.83,45.48
2015-10-05,27.64,1.81,46.59
2015-10-06,27.82,1.8399999999999999,46.82
2015-10-07,27.66,1.8599999999999999,46.76
2015-10-08,27.36,1.94,47.42
2015-10-09,28.02,1.96,47.15
2015-10-12,27.87,1.8599999999999999,46.93
2015-10-13,27.92,1.9100000000000001,46.85
2015-10-14,27.51,1.96,46.53
2015-10-15,27.95,1.96,46.96
2015-10-16,27.74,1.95,47.42
2015-10-19,27.92,2.0,47.62
2015-10-20,28.44,2.02,47.79
2015-10-21,28.46,2.1,47.21
2015-10-22,28.87,2.16,47.98
2015-10-23,29.77,2.2,53.36
2015-10-26,28.79,2.16,54.28
2015-10-27,28.6,2.14,53.65
2015-10-28,29.8,2.17,53.91
2015-10-29,30.12,2.13,53.33
2015-10-30,29.9,2.13,52.83
2015-11-02,30.29,2.18,53.16
2015-11-03,30.64,2.29,54.15
2015-11-04,30.46,2.2,54.38
2015-11-05,30.24,2.21,54.34
2015-11-06,30.25,2.15,54.81
2015-11-09,30.2,2.12,54.17
2015-11-10,29.12,2.04,53.42
2015-11-11,29.05,2.06,53.72
2015-11-12,28.96,2.0,53.34
2015-11-13,28.08,1.98,52.84
2015-11-16,28.54,1.98,53.77
2015-11-17,28.42,1.99,52.99
2015-11-18,29.34,2.12,53.91
2015-11-19,29.71,2.14,53.99
2015-11-20,29.81,2.23,54.13
2015-11-23,29.44,2.22,54.17
2015-11-24,29.71,2.35,54.25
2015-11-25,29.51,2.39,53.8
2015-11-27,29.45,2.34,53.93
2015-11-30,29.63,2.36,54.44
2015-12-01,29.33,2.34,55.17
2015-12-02,29.04,2.2800000000000002,55.2
2015-12-03,28.78,2.23,54.24
2015-12-04,29.75,2.29,55.89
2015-12-07,29.55,2.35,55.83
2015-12-08,29.6,2.39,55.85
2015-12-09,28.87,2.34,54.98
2015-12-10,29.02,2.48,55.33
2015-12-11,28.29,2.37,54.16
2015-12-14,28.1,2.35,55.2
2015-12-15,27.63,2.37,55.23
2015-12-16,27.83,2.54,56.16
2015-12-17,27.28,2.56,55.82
2015-12-18,26.48,2.44,54.29
2015-12-21,26.82,2.5,54.71
2015-12-22,26.8,2.76,55.33
2015-12-23,27.16,2.82,55.85
2015-12-24,27.01,2.92,55.67
2015-12-28,26.67,3.0,55.88
2015-12-29,27.18,2.99,56.56
2015-12-30,26.83,2.9699999999999998,56.37
2015-12-31,26.35,2.87,55.57
2016-01-04,26.28,2.7800000000000002,54.63
2016-01-05,25.66,2.76,55.08
2016-01-06,25.14,2.5,54.06
2016-01-07,24.17,2.27,52.38
2016-01-08,24.25,2.12,52.28
2016-01-11,24.67,2.36,52.43
2016-01-12,25.04,2.41,52.77
2016-01-13,24.37,2.26,51.81
2016-01-14,24.88,2.22,53.03
2016-01-15,24.25,2.03,50.91
2016-01-19,24.19,1.94,50.59
2016-01-20,24.26,1.8,50.91
2016-01-21,24.1,2.09,50.55
2016-01-22,25.35,2.02,52.24
2016-01-25,24.84,2.14,51.74
2016-01-26,24.99,2.08,52.16
2016-01-27,23.36,2.13,51.15
2016-01-28,23.53,2.09,52.15
2016-01-29,24.24,2.2,54.9
2016-02-01,24.12,2.14,54.69
2016-02-02,23.64,1.99,53.08
2016-02-03,24.08,2.06,52.0
2016-02-04,24.15,2.11,51.97
2016-02-05,23.45,1.98,50.02
2016-02-08,23.73,1.92,49.33
2016-02-09,23.77,1.92,49.3
2016-02-10,23.56,1.8399999999999999,49.67
2016-02-11,23.43,1.85,49.7
2016-02-12,23.47,1.85,50.49
2016-02-16,24.16,1.83,51.01
2016-02-17,24.51,1.9,52.38
2016-02-18,24.06,1.9100000000000001,52.18
2016-02-19,24.0,1.9,51.77
2016-02-22,24.2,2.03,52.6
2016-02-23,23.66,1.98,51.12
2016-02-24,24.04,2.03,51.36
2016-02-25,24.17,2.02,52.03
2016-02-26,24.24,2.06,51.31
2016-02-29,24.2,2.14,50.81
2016-03-01,25.14,2.19,52.46
2016-03-02,25.19,2.33,52.91
2016-03-03,25.36,2.4699999999999998,52.34
2016-03-04,25.75,2.36,52.01
2016-03-07,25.41,2.4699999999999998,50.86
2016-03-08,25.25,2.32,51.65
2016-03-09,25.25,2.26,52.72
2016-03-10,25.25,2.25,52.01
2016-03-11,25.55,2.52,53.06
2016-03-14,25.67,2.74,53.29
2016-03-15,26.14,2.5,53.5
2016-03-16,26.48,2.64,54.33
2016-03-17,26.48,2.81,54.75
2016-03-18,26.48,2.91,53.52
2016-03-21,26.46,2.79,53.85
2016-03-22,26.68,2.7800000000000002,54.04
2016-03-23,26.52,2.69,53.98
2016-03-24,26.4,2.79,54.17
2016-03-28,26.27,2.79,53.41
2016-03-29,26.94,2.87,54.8
2016-03-30,27.4,2.87,55.04
2016-03-31,27.25,2.84,55.3
2016-04-01,27.48,2.84,55.55
2016-04-04,27.78,2.82,55.37
2016-04-05,27.4,2.76,54.48
2016-04-06,27.74,2.8,55.16
2016-04-07,27.13,2.65,54.44
2016-04-08,27.15,2.73,54.39
2016-04-11,27.28,2.75,54.41
2016-04-12,27.61,2.81,54.62
2016-04-13,28.03,2.79,55.44
2016-04-14,28.02,2.71,55.3
2016-04-15,27.44,2.7,55.64
2016-04-18,26.89,2.7800000000000002,56.45
2016-04-19,26.71,2.61,56.26
2016-04-20,26.82,2.69,55.61
2016-04-21,26.5,2.62,55.89
2016-04-22,26.41,3.89,51.75
2016-04-25,26.25,3.46,52.03
2016-04-26,26.05,3.65,51.38
2016-04-27,24.42,3.75,50.89
2016-04-28,23.67,3.6,49.84
2016-04-29,23.44,3.55,49.86
2016-05-02,23.43,3.74,50.64
2016-05-03,23.8,3.6,49.68
2016-05-04,23.55,3.6,49.9
2016-05-05,23.27,3.66,49.88
2016-05-06,23.14,3.68,50.33
2016-05-09,23.18,3.64,50.07
2016-05-10,23.36,3.64,51.1
2016-05-11,23.13,3.65,51.1
2016-05-12,22.55,3.59,51.5
2016-05-13,22.65,3.67,51.1
2016-05-16,23.49,3.79,51.87
2016-05-17,23.34,3.81,50.42
2016-05-18,23.64,3.84,50.79
2016-05-19,23.55,3.77,50.32
2016-05-20,23.8,3.88,50.66
2016-05-23,24.1,4.05,50.02
2016-05-24,24.47,4.2,51.6
2016-05-25,24.92,4.18,52.16
2016-05-26,25.1,4.35,51.89
2016-05-27,25.05,4.59,52.21
2016-05-31,24.98,4.58,52.64
2016-06-01,24.61,4.42,52.76
2016-06-02,24.41,4.25,52.41
2016-06-03,24.47,4.15,51.72
2016-06-06,24.69,4.46,52.19
2016-06-07,24.76,4.5,52.12
2016-06-08,24.72,4.45,51.98
2016-06-09,24.93,4.51,51.68
2016-06-10,24.74,4.31,51.48
2016-06-13,24.33,4.41,50.12
2016-06-14,24.37,4.4,49.77
2016-06-15,24.27,4.43,49.71
2016-06-16,24.4,4.74,50.42
2016-06-17,23.85,5.24,50.15
2016-06-20,23.78,5.11,50.09
2016-06-21,23.99,5.46,51.27
2016-06-22,23.86,5.02,50.97
2016-06-23,24.0,5.22,51.84
2016-06-24,23.37,4.89,49.65
2016-06-27,23.02,4.72,48.41
2016-06-28,23.4,5.11,49.45
2016-06-29,23.6,5.14,50.6
2016-06-30,23.85,5.14,51.07
2016-07-01,24.01,5.08,51.23
2016-07-05,23.74,4.98,51.14
2016-07-06,23.87,5.04,51.37
2016-07-07,23.97,5.01,51.32
2016-07-08,24.15,5.1,52.24
2016-07-11,24.24,5.01,52.59
2016-07-12,24.34,5.13,53.18
2016-07-13,24.23,5.1,53.62
2016-07-14,24.72,5.18,53.71
2016-07-15,24.7,5.14,53.66
2016-07-18,24.98,5.52,53.95
2016-07-19,24.97,5.41,53.04
2016-07-20,25.0,5.41,56.18
2016-07-21,24.85,5.24,55.8
2016-07-22,24.63,5.84,56.54
2016-07-25,24.3,6.71,56.65
2016-07-26,24.19,7.0,56.77
2016-07-27,25.82,6.85,56.24
2016-07-28,26.09,6.82,56.18
2016-07-29,26.07,6.85,56.72
2016-08-01,26.52,6.63,56.52
2016-08-02,26.11,6.26,56.61
2016-08-03,26.44,6.29,56.92
2016-08-04,26.49,6.48,57.4
2016-08-05,26.87,6.62,57.94
2016-08-08,27.07,6.68,58.03
2016-08-09,27.2,6.61,58.16
2016-08-10,27.0,6.49,57.98
2016-08-11,27.0,6.59,58.32
2016-08-12,27.05,6.72,57.9
2016-08-15,27.38,6.95,58.17
2016-08-16,27.35,6.76,57.41
2016-08-17,27.3,6.68,57.54
2016-08-18,27.28,7.05,57.63
2016-08-19,27.35,7.62,57.6
2016-08-22,27.13,7.59,57.63
2016-08-23,27.23,7.68,57.97
2016-08-24,26.98,7.41,57.85
2016-08-25,26.9,7.48,58.18
2016-08-26,26.75,7.67,58.07
2016-08-29,26.7,7.6,58.14
2016-08-30,26.48,7.51,57.81
2016-08-31,26.55,7.41,57.49
2016-09-01,26.68,7.35,57.65
2016-09-02,26.94,7.52,57.71
2016-09-06,26.92,7.34,57.58
2016-09-07,27.08,6.85,57.6
2016-09-08,26.37,6.22,57.48
2016-09-09,25.8,5.89,56.29
2016-09-12,26.41,5.95,57.08
2016-09-13,27.03,5.73,56.52
2016-09-14,27.97,6.06,56.22
2016-09-15,28.92,6.03,57.21
2016-09-16,28.74,6.04,57.21
2016-09-19,28.38,6.15,56.96
2016-09-20,28.42,6.17,56.88
2016-09-21,28.4,6.28,57.8
2016-09-22,28.67,6.36,57.81
2016-09-23,28.18,6.55,57.47
2016-09-26,28.23,6.33,56.92
2016-09-27,28.29,6.54,57.99
2016-09-28,28.5,6.59,58.05
2016-09-29,28.04,6.66,57.43
2016-09-30,28.24,6.92,57.64
2016-10-03,28.14,6.96,57.46
2016-10-04,28.24,6.97,57.17
2016-10-05,28.25,6.78,57.66
2016-10-06,28.49,6.96,57.75
2016-10-07,28.52,6.76,57.85
2016-10-10,29.02,6.85,58.08
2016-10-11,29.1,6.5,57.17
2016-10-12,29.35,6.62,57.18
2016-10-13,29.19,6.47,56.87
2016-10-14,29.43,6.74,57.52
2016-10-17,29.38,6.6899999999999995,57.23
2016-10-18,29.38,6.74,57.74
2016-10-19,29.27,6.78,57.56
2016-10-20,29.29,6.9399999999999995,57.32
2016-10-21,29.12,6.53,59.8
2016-10-24,29.42,7.01,60.98
2016-10-25,29.58,7.49,61.01
2016-10-26,28.85,7.3,60.66
2016-10-27,28.61,7.1,60.15
2016-10-28,28.42,7.21,59.92
2016-10-31,28.41,7.23,60.08
2016-11-01,27.83,7.09,59.79
2016-11-02,27.94,6.77,59.49
2016-11-03,27.46,6.6899999999999995,59.21
2016-11-04,27.24,6.5600000000000005,58.79
2016-11-07,27.63,6.9399999999999995,60.47
2016-11-08,27.76,7.0,60.43
2016-11-09,27.69,6.95,60.1
2016-11-10,26.97,6.29,58.72
2016-11-11,27.13,6.6899999999999995,59.06
2016-11-14,26.42,6.79,58.15
2016-11-15,26.79,6.96,58.96
2016-11-16,27.51,7.68,59.64
2016-11-17,27.48,8.46,60.69
2016-11-18,27.5,8.72,60.37
2016-11-21,27.96,8.94,60.87
2016-11-22,27.97,8.69,61.16
2016-11-23,27.79,8.79,60.36
2016-11-25,27.95,8.77,60.53
2016-11-28,27.9,8.83,60.62
2016-11-29,27.84,8.96,61.07
2016-11-30,27.68,8.92,60.35
2016-12-01,27.36,8.38,59.18
2016-12-02,27.46,8.54,59.29
2016-12-05,27.26,8.69,60.26
2016-12-06,27.47,9.45,59.99
2016-12-07,27.76,9.57,61.29
2016-12-08,28.02,10.31,60.93
2016-12-09,28.49,10.34,61.91
2016-12-12,28.3,10.67,62.1
2016-12-13,28.78,10.54,62.92
2016-12-14,28.8,10.54,62.63
2016-12-15,28.95,10.87,62.56
2016-12-16,29.0,10.66,62.31
2016-12-19,29.14,10.95,63.58
2016-12-20,29.25,11.5,63.54
2016-12-21,29.27,11.47,63.54
2016-12-22,29.02,11.6,63.42
2016-12-23,29.12,11.58,63.23
2016-12-27,29.31,12.06,63.26
2016-12-28,29.18,11.55,63.0
2016-12-29,29.17,11.61,62.9
2016-12-30,28.95,11.33,62.2
2017-01-03,28.99,11.41,62.49
2017-01-04,29.01,11.44,62.28
2017-01-05,29.16,11.24,62.32
2017-01-06,29.47,11.33,62.87
2017-01-09,29.76,11.5,62.69
2017-01-10,29.8,11.45,62.63
2017-01-11,29.93,11.22,63.15
2017-01-12,29.8,10.78,62.69
2017-01-13,29.73,10.57,62.65
2017-01-17,29.99,9.81,62.5
2017-01-18,30.01,9.9,62.52
2017-01-19,29.94,9.8,62.37
2017-01-20,29.99,9.75,62.66
2017-01-23,30.03,9.91,63.01
2017-01-24,29.99,10.45,63.55
2017-01-25,30.47,10.35,63.69
2017-01-26,30.49,10.5,64.43
2017-01-27,30.48,10.67,65.76
2017-01-30,30.39,10.6,65.01
2017-01-31,30.31,10.39,64.62
2017-02-01,32.27,12.07,63.58
2017-02-02,32.11,12.28,63.1
2017-02-03,32.25,12.22,63.62
2017-02-06,32.58,13.66,63.63
2017-02-07,32.88,13.28,63.38
2017-02-08,33.02,13.56,63.34
2017-02-09,33.1,13.44,64.08
2017-02-10,33.03,13.58,64.01
2017-02-13,33.32,13.5,64.66
2017-02-14,33.75,13.24,64.5
2017-02-15,33.86,13.31,64.49
2017-02-16,33.82,12.96,64.54
2017-02-17,33.9,13.12,64.56
2017-02-21,34.18,13.99,64.5
2017-02-22,34.26,14.29,64.31
2017-02-23,34.11,14.3,64.54
2017-02-24,34.13,14.13,64.5
2017-02-27,34.23,15.2,64.17
2017-02-28,34.24,14.44,63.94
2017-03-01,34.96,14.94,64.91
2017-03-02,34.72,13.87,63.98
2017-03-03,34.92,13.04,64.2
2017-03-06,34.85,13.03,64.31
2017-03-07,34.86,13.04,64.35
2017-03-08,34.73,13.21,64.96
2017-03-09,34.66,13.34,64.71
2017-03-10,34.78,13.9,64.88
2017-03-13,34.78,14.28,64.69
2017-03-14,34.74,14.1,64.41
2017-03-15,35.17,13.99,64.83
2017-03-16,35.16,13.66,64.63
2017-03-17,34.99,13.5,64.85
2017-03-20,35.34,14.43,64.95
2017-03-21,34.96,13.82,64.13
2017-03-22,35.38,14.1,65.07
2017-03-23,35.21,13.8,64.91
2017-03-24,35.17,13.7,64.94
2017-03-27,35.21,13.69,65.06
2017-03-28,36.0,13.7,65.43
2017-03-29,36.03,13.72,65.51
2017-03-30,35.99,14.05,65.78
2017-03-31,35.95,14.57,65.96
2017-04-03,35.94,14.64,65.56
2017-04-04,36.19,14.16,65.73
2017-04-05,36.0,14.19,65.6
2017-04-06,35.91,13.27,65.65
2017-04-07,35.83,13.5,65.7
2017-04-10,35.76,13.1,65.54
2017-04-11,35.36,13.09,65.39
2017-04-12,35.43,12.75,65.23
2017-04-13,35.31,12.31,65.02
2017-04-17,35.45,12.79,65.43
2017-04-18,35.33,12.94,65.43
2017-04-19,35.19,12.83,65.02
2017-04-20,35.66,13.11,65.58
2017-04-21,35.56,13.01,66.5
2017-04-24,35.9,13.12,67.48
2017-04-25,36.15,13.49,67.99
2017-04-26,35.92,13.41,67.82
2017-04-27,35.92,13.64,68.34
2017-04-28,35.93,13.31,68.5
2017-05-01,36.7,13.6,69.49
2017-05-02,36.86,10.33,69.17
2017-05-03,36.69,10.38,69.01
2017-05-04,36.64,10.09,68.85
2017-05-05,37.23,10.19,68.98
2017-05-08,38.24,10.03,68.88
2017-05-09,38.48,10.17,68.95
2017-05-10,38.31,10.79,69.29
2017-05-11,38.48,11.07,68.39
2017-05-12,39.0,11.24,68.31
2017-05-15,38.89,11.41,68.47
2017-05-16,38.85,12.74,69.41
2017-05-17,37.53,11.19,67.49
2017-05-18,38.13,11.28,67.7
2017-05-19,38.23,11.42,67.66
2017-05-22,38.48,11.04,68.41
2017-05-23,38.42,10.88,68.68
2017-05-24,38.31,10.89,68.73
2017-05-25,38.43,10.97,69.7
2017-05-26,38.38,11.0,69.87
2017-05-30,38.42,11.14,70.29
2017-05-31,38.2,11.18,69.9
2017-06-01,38.25,10.93,70.01
2017-06-02,38.82,10.89,71.82
2017-06-05,38.46,11.23,72.36
2017-06-06,38.64,12.01,72.55
2017-06-07,38.84,12.38,72.38
2017-06-08,38.74,12.89,71.9
2017-06-09,37.08,12.22,70.06
2017-06-12,36.27,12.08,69.83
2017-06-13,36.62,11.98,70.53
2017-06-14,36.24,11.76,70.2
2017-06-15,36.08,11.49,69.9
2017-06-16,35.58,11.44,69.89
2017-06-19,36.57,11.92,70.75
2017-06-20,36.28,12.66,69.95
2017-06-21,36.47,13.98,70.37
2017-06-22,36.39,14.33,70.28
2017-06-23,36.6,14.24,71.09
2017-06-26,36.44,14.07,70.57
2017-06-27,36.01,13.42,69.3
2017-06-28,36.43,13.23,69.76
2017-06-29,35.93,12.6,68.54
2017-06-30,36.07,12.5,69.01
2017-07-03,35.88,12.15,68.17
2017-07-05,36.07,13.19,69.14
2017-07-06,35.69,13.04,68.62
2017-07-07,36.07,13.38,69.44
2017-07-10,36.3,13.83,70.1
2017-07-11,36.4,13.88,70.06
2017-07-12,36.44,14.3,71.18
2017-07-13,36.96,13.52,71.74
2017-07-14,37.28,13.91,72.89
2017-07-17,37.38,13.8,73.29
2017-07-18,37.51,13.45,73.21
2017-07-19,37.72,13.56,73.89
2017-07-20,37.65,13.81,74.14
2017-07-21,37.51,13.89,73.62
2017-07-24,38.09,14.15,73.69
2017-07-25,38.22,14.11,74.26
2017-07-26,38.32,14.72,74.0
2017-07-27,37.58,14.13,73.1
2017-07-28,37.32,13.95,73.05
2017-07-31,37.17,13.6,72.72
2017-08-01,37.49,13.74,72.5
2017-08-02,39.35,13.37,72.3
2017-08-03,38.86,13.23,72.19
2017-08-04,39.07,13.12,72.69
2017-08-07,39.72,13.44,72.41
2017-08-08,39.99,13.1,72.8
2017-08-09,40.27,12.83,72.43
2017-08-10,38.83,12.13,71.41
2017-08-11,39.33,12.21,72.49
2017-08-14,39.98,12.75,73.64
2017-08-15,40.4,13.01,73.21
2017-08-16,40.18,12.63,73.54
2017-08-17,39.47,12.33,72.44
2017-08-18,39.36,12.37,72.43
2017-08-21,39.32,12.07,72.21
2017-08-22,39.96,12.18,73.16
2017-08-23,40.01,12.48,72.77
2017-08-24,39.84,12.51,72.7
2017-08-25,39.96,12.44,72.78
2017-08-28,40.38,12.24,72.83
2017-08-29,40.74,12.16,73.01
2017-08-30,40.81,12.64,73.96
2017-08-31,40.97,12.96,74.75
2017-09-01,41.01,13.18,73.92
2017-09-05,40.53,12.93,73.73
2017-09-06,40.47,12.86,73.35
2017-09-07,40.31,12.65,74.36
2017-09-08,39.65,12.24,74.02
2017-09-11,40.36,12.54,74.76
2017-09-12,40.17,12.3,74.61
2017-09-13,39.89,12.22,75.21
2017-09-14,39.56,12.27,74.78
2017-09-15,39.98,12.51,75.32
2017-09-18,39.65,13.09,75.13
2017-09-19,39.65,13.13,75.38
2017-09-20,39.0,13.65,74.92
2017-09-21,38.34,13.43,74.21
2017-09-22,37.94,13.3,74.4
2017-09-25,37.61,12.61,73.22
2017-09-26,38.31,12.44,73.31
2017-09-27,38.56,12.75,73.92
2017-09-28,38.29,12.73,73.84
2017-09-29,38.51,12.74,74.46
2017-10-02,38.47,12.71,74.56
2017-10-03,38.6,13.42,74.3
2017-10-04,38.36,13.3,74.69
2017-10-05,38.83,13.34,75.95
2017-10-06,38.81,13.25,75.97
2017-10-09,38.96,13.48,76.34
2017-10-10,38.96,13.69,76.28
2017-10-11,39.16,13.9,76.46
2017-10-12,38.98,14.2,77.14
2017-10-13,39.22,14.23,77.48
2017-10-16,39.98,14.26,77.68
2017-10-17,40.12,14.15,77.58
2017-10-18,39.93,14.07,77.67
2017-10-19,38.98,13.94,77.93
2017-10-20,39.01,13.82,78.71
2017-10-23,39.02,14.1,78.78
2017-10-24,39.23,14.26,78.8
2017-10-25,39.1,12.34,78.67
2017-10-26,39.36,12.01,78.83
2017-10-27,40.74,11.81,83.87
2017-10-30,41.72,10.89,83.88
2017-10-31,42.28,10.99,83.17
2017-11-01,41.67,10.81,83.09
2017-11-02,42.04,10.86,84.14
2017-11-03,43.12,11.11,84.09
2017-11-06,43.62,11.92,84.55
2017-11-07,43.68,12.05,84.15
2017-11-08,44.04,11.71,84.59
2017-11-09,43.97,11.15,84.15
2017-11-10,43.66,11.25,83.8
2017-11-13,43.45,11.1,83.89
2017-11-14,42.84,11.11,84.04
2017-11-15,42.18,11.05,82.77
2017-11-16,42.84,11.24,83.14
2017-11-17,42.49,11.37,82.39
2017-11-20,42.49,11.34,82.53
2017-11-21,43.28,11.39,83.72
2017-11-22,43.74,11.38,83.07
2017-11-24,43.74,11.38,83.26
2017-11-27,43.55,11.55,83.9
2017-11-28,43.22,11.17,84.85
2017-11-29,42.36,10.82,83.36
2017-11-30,43.01,10.89,84.23
2017-12-01,42.77,10.73,84.21
2017-12-04,42.47,10.04,81.14
2017-12-05,42.44,9.93,81.65
2017-12-06,42.25,9.99,82.78
2017-12-07,42.36,10.04,82.46
2017-12-08,42.25,9.96,84.12
2017-12-11,43.17,10.14,85.22
2017-12-12,42.91,9.91,85.57
2017-12-13,43.09,10.11,85.31
2017-12-14,43.07,10.14,84.81
2017-12-15,43.44,10.3,86.72
2017-12-18,44.15,10.98,86.44
2017-12-19,43.59,10.95,85.9
2017-12-20,43.58,10.98,85.54
2017-12-21,43.76,10.88,85.56
2017-12-22,43.75,10.55,85.56
2017-12-26,42.6,10.46,85.38
2017-12-27,42.62,10.54,85.66
2017-12-28,42.71,10.55,85.74
2017-12-29,42.32,10.29,85.58
2018-01-02,43.03,11.0,85.97
2018-01-03,43.0,11.56,86.32
2018-01-04,43.26,12.11,87.11
2018-01-05,43.75,11.88,88.13
2018-01-08,43.59,12.3,88.25
2018-01-09,43.61,11.82,88.19
2018-01-10,43.55,11.96,87.83
2018-01-11,43.81,12.14,88.07
2018-01-12,44.22,12.02,89.56
2018-01-16,44.08,11.91,88.44
2018-01-17,44.78,12.18,90.08
2018-01-18,44.79,12.47,90.11
2018-01-19,44.56,12.59,90.0
2018-01-22,44.19,12.65,91.53
2018-01-23,44.26,12.94,92.01
2018-01-24,43.54,12.71,91.88
2018-01-25,42.8,12.42,92.37
2018-01-26,42.84,12.95,93.94
2018-01-29,42.04,13.32,94.0
2018-01-30,41.74,12.88,92.79
2018-01-31,41.82,13.72,95.05
2018-02-01,41.93,13.26,94.34
2018-02-02,40.07,12.45,91.89
2018-02-05,39.31,11.55,88.8
2018-02-06,40.61,11.63,90.97
2018-02-07,39.91,11.65,89.77
2018-02-08,39.01,11.26,85.41
2018-02-09,38.95,11.28,87.92
2018-02-12,40.68,11.68,89.06
2018-02-13,41.11,11.79,89.94
2018-02-14,41.83,12.2,90.84
2018-02-15,43.21,12.18,92.49
2018-02-16,43.14,11.85,92.15
2018-02-20,42.96,12.02,92.8
2018-02-21,42.78,11.73,91.61
2018-02-22,43.15,11.84,91.84
2018-02-23,43.86,12.06,93.99
2018-02-26,44.68,12.41,95.24
2018-02-27,44.64,12.53,94.44
2018-02-28,44.58,12.13,94.0
2018-03-01,43.73,11.9,92.8
2018-03-02,44.04,11.84,92.99
2018-03-05,44.25,11.9,93.7
2018-03-06,44.12,11.76,93.15
2018-03-07,43.71,12.23,93.79
2018-03-08,44.17,11.96,94.21
2018-03-09,44.97,11.7,96.4
2018-03-12,45.5,11.53,97.03
2018-03-13,44.98,11.63,94.34
2018-03-14,44.58,11.36,93.78
2018-03-15,44.7,11.44,94.25
2018-03-16,44.53,11.49,94.46
2018-03-19,43.82,11.44,92.94
2018-03-20,43.82,11.11,93.2
2018-03-21,42.85,11.25,92.54
2018-03-22,42.2,10.93,89.8
2018-03-23,41.31,10.63,87.4
2018-03-26,43.24,10.42,93.85
2018-03-27,42.06,9.99,89.41
2018-03-28,41.63,9.82,89.44
2018-03-29,42.22,10.04,91.48
2018-04-02,41.64,9.53,88.46
2018-04-03,42.05,9.52,89.61
2018-04-04,42.99,9.78,92.62
2018-04-05,43.28,10.02,92.59
2018-04-06,42.11,9.61,90.1
2018-04-09,42.52,9.52,90.7
2018-04-10,43.28,9.97,92.79
2018-04-11,43.07,9.82,91.71
2018-04-12,43.57,10.08,93.69
2018-04-13,43.69,9.94,93.09
2018-04-16,43.98,10.09,94.24
2018-04-17,44.56,10.52,96.11
2018-04-18,44.45,10.37,96.5
2018-04-19,43.24,10.14,96.0
2018-04-20,41.48,10.0,94.87
2018-04-23,41.29,10.04,95.29
2018-04-24,40.68,10.09,93.04
2018-04-25,40.88,9.74,92.28
2018-04-26,41.02,11.0,94.59
2018-04-27,40.61,11.12,96.02
2018-04-30,41.37,10.88,93.66
2018-05-01,42.27,11.14,95.0
2018-05-02,44.18,10.99,93.55
2018-05-03,44.19,10.92,93.98
2018-05-04,45.9,11.28,94.95
2018-05-07,46.29,11.6,96.21
2018-05-08,46.47,11.61,95.66
2018-05-09,46.79,11.96,96.8
2018-05-10,47.5,12.13,97.82
2018-05-11,47.11,11.96,97.58
2018-05-14,47.03,12.23,97.99
2018-05-15,46.6,12.46,97.27
2018-05-16,47.0,12.81,97.05
2018-05-17,46.8,12.82,96.3
2018-05-18,46.61,13.02,96.48
2018-05-21,46.91,12.99,97.62
2018-05-22,46.8,13.0,97.55
2018-05-23,47.1,13.12,98.67
2018-05-24,47.02,13.41,98.3
2018-05-25,47.14,13.54,98.27
2018-05-29,46.98,13.39,98.04
2018-05-30,46.92,13.82,99.01
2018-05-31,46.73,13.73,98.79
2018-06-01,47.54,14.38,100.62
2018-06-04,47.96,14.85,101.7
2018-06-05,48.34,14.85,102.21
2018-06-06,48.49,15.66,102.44
2018-06-07,48.35,14.89,100.87
2018-06-08,47.92,15.26,101.67
2018-06-11,47.8,15.75,101.09
2018-06-12,48.07,15.84,101.33
2018-06-13,47.64,16.3,100.82
2018-06-14,47.7,16.27,101.38
2018-06-15,47.25,16.33,100.35
2018-06-18,47.21,17.12,100.87
2018-06-19,46.44,16.69,100.94
2018-06-20,46.64,16.53,101.98
2018-06-21,46.35,15.63,101.16
2018-06-22,46.31,15.79,100.34
2018-06-25,45.59,15.13,98.46
2018-06-26,46.1,15.5,99.11
2018-06-27,46.05,15.0,97.65
2018-06-28,46.39,15.31,98.7
2018-06-29,46.42,14.99,98.79
2018-07-02,46.77,15.13,99.98
2018-07-03,45.98,15.0,99.05
2018-07-05,46.38,15.5,99.81
2018-07-06,47.01,16.39,101.18
2018-07-09,47.64,16.62,101.79
2018-07-10,47.57,16.56,102.1
2018-07-11,46.98,16.27,101.99
2018-07-12,47.78,16.55,104.24
2018-07-13,47.87,16.27,105.45
2018-07-16,47.68,16.58,104.84
2018-07-17,47.86,16.87,105.98
2018-07-18,47.61,16.86,105.13
2018-07-19,47.96,16.69,104.28
2018-07-20,47.76,16.48,106.32
2018-07-23,47.9,16.65,108.0
2018-07-24,48.22,16.19,107.67
2018-07-25,48.63,16.06,110.68
2018-07-26,48.58,18.37,109.71
2018-07-27,47.68,18.91,107.61
2018-07-30,47.47,19.4,105.37
2018-07-31,47.68,18.38,106.2
2018-08-01,50.43,18.49,106.21
2018-08-02,51.91,18.8,107.64
2018-08-03,51.96,18.49,107.9
2018-08-06,52.27,19.43,108.1
2018-08-07,51.79,19.57,108.88
2018-08-08,51.83,19.62,109.57
2018-08-09,52.24,19.1,109.71
2018-08-10,51.9,19.06,109.07
2018-08-13,52.26,19.72,108.23
2018-08-14,52.43,20.02,109.66
2018-08-15,52.59,19.68,107.62
2018-08-16,53.32,19.31,107.42
2018-08-17,54.44,19.77,107.59
2018-08-20,53.82,19.96,106.82
2018-08-21,53.82,20.4,106.04
2018-08-22,53.79,20.89,107.16
2018-08-23,53.87,22.29,107.51
2018-08-24,54.04,23.99,108.36
2018-08-27,54.46,25.25,109.57
2018-08-28,54.9,25.03,110.27
2018-08-29,55.75,25.22,111.87
2018-08-30,56.27,24.88,111.77
2018-08-31,56.96,25.23,112.39
2018-09-04,57.1,28.05,111.76
2018-09-05,56.66,28.52,108.46
2018-09-06,55.78,27.84,108.85
2018-09-07,55.36,27.39,108.35
2018-09-10,54.61,29.88,109.42
2018-09-11,55.99,30.11,111.22
2018-09-12,55.16,32.25,111.73
2018-09-13,56.59,30.54,112.92
2018-09-14,55.91,32.74,113.41
2018-09-17,54.44,32.43,112.1
2018-09-18,54.61,31.93,113.37
2018-09-19,54.62,31.21,111.7
2018-09-20,55.06,31.2,113.64
2018-09-21,54.5,30.98,113.95
2018-09-24,55.26,32.61,114.8
2018-09-25,55.56,32.56,114.33
2018-09-26,55.07,32.17,113.97
2018-09-27,56.36,32.62,114.69
2018-09-28,56.4,30.88,114.41
2018-10-01,56.83,31.41,115.61
2018-10-02,57.37,28.95,115.11
2018-10-03,58.01,28.43,115.05
2018-10-04,56.92,27.77,112.78
2018-10-05,56.0,27.35,112.06
2018-10-08,55.98,26.46,110.91
2018-10-09,56.73,27.24,112.3
2018-10-10,54.17,24.97,106.24
2018-10-11,53.73,25.34,106.12
2018-10-12,55.63,26.37,109.84
2018-10-15,54.43,26.31,107.86
2018-10-16,55.61,28.19,111.0
2018-10-17,55.24,27.29,110.68
2018-10-18,53.97,26.59,108.26
2018-10-19,54.87,23.67,108.59
2018-10-22,55.25,25.02,109.86
2018-10-23,55.61,25.04,107.89
2018-10-24,53.69,22.9,102.06
2018-10-25,55.06,19.28,108.79
2018-10-26,53.8,17.62,106.15
2018-10-29,53.0,16.86,103.85
2018-10-30,53.39,17.16,103.87
2018-10-31,54.8,18.27,106.88
2018-11-01,55.5,20.23,105.7
2018-11-02,51.41,20.26,106.01
2018-11-05,50.36,19.93,107.56
2018-11-06,51.0,20.67,107.63
2018-11-07,52.47,21.79,111.89
2018-11-08,52.08,21.2,111.61
2018-11-09,51.1,21.05,109.75
2018-11-12,48.53,19.07,106.85
2018-11-13,48.09,19.6,107.04
2018-11-14,46.65,20.82,105.06
2018-11-15,47.77,21.47,107.07
2018-11-16,48.47,20.65,108.41
2018-11-19,46.43,19.15,104.47
2018-11-20,44.16,19.18,101.62
2018-11-21,44.31,18.76,103.44
2018-11-23,43.07,19.38,103.07
2018-11-26,43.59,20.07,106.49
2018-11-27,43.55,21.01,107.05
2018-11-28,45.28,21.26,111.11
2018-11-29,44.92,21.43,110.29
2018-11-30,44.57,21.28,110.53
2018-12-03,46.14,23.68,111.89
2018-12-04,44.18,21.11,108.57
2018-12-06,43.61,21.27,108.96
2018-12-07,42.11,19.45,104.85
2018-12-10,42.46,19.98,107.78
2018-12-11,42.19,20.0,108.78
2018-12-12,42.32,20.52,109.33
2018-12-13,42.69,19.86,109.44
2018-12-14,41.39,19.88,106.06
2018-12-17,41.04,18.75,102.73
2018-12-18,41.56,19.44,103.91
2018-12-19,40.29,18.18,104.01
2018-12-20,39.2,17.87,101.46
2018-12-21,37.79,16.96,98.24
2018-12-24,36.71,16.65,94.13
2018-12-26,39.24,17.85,100.42
2018-12-27,38.91,17.45,100.6
2018-12-28,39.02,17.81,100.35
2018-12-31,39.18,18.4,100.83
2019-01-02,39.38,18.82,101.01
2019-01-03,35.57,17.1,97.5
2019-01-04,37.03,18.97,101.77
2019-01-07,36.98,20.58,102.15
2019-01-08,37.66,20.76,102.73
2019-01-09,38.34,20.19,104.25
2019-01-10,38.39,19.76,103.57
2019-01-11,38.01,20.26,102.81
2019-01-14,37.44,20.25,102.12
2019-01-15,38.24,20.38,104.78
2019-01-16,38.73,19.76,105.39
2019-01-17,38.88,20.26,106.1
2019-01-18,39.15,20.73,107.6
2019-01-22,38.23,19.76,105.32
2019-01-23,38.42,19.78,106.54
2019-01-24,38.16,20.84,106.24
2019-01-25,39.38,21.95,106.95
2019-01-28,39.02,20.19,105.01
2019-01-29,38.63,19.26,102.89
2019-01-30,41.37,23.09,106.29
2019-01-31,41.66,24.4,104.46
2019-02-01,41.66,24.48,102.62
2019-02-04,42.75,24.09,105.62
2019-02-05,43.5,23.27,107.11
2019-02-06,43.54,23.26,106.07
2019-02-07,42.66,22.67,105.19
2019-02-08,42.51,23.04,105.42
2019-02-11,42.36,22.93,105.26
2019-02-12,42.69,22.81,106.84
2019-02-13,42.5,22.86,106.78
2019-02-14,42.75,23.14,106.96
2019-02-15,42.56,23.69,108.13
2019-02-19,42.71,23.96,108.13
2019-02-20,42.96,23.93,107.11
2019-02-21,42.74,23.91,109.37
2019-02-22,43.18,24.32,110.98
2019-02-25,43.55,24.72,111.64
2019-02-26,43.56,24.24,112.38
2019-02-27,43.73,23.47,112.2
2019-02-28,43.33,23.5,111.96
2019-03-01,43.72,23.67,112.52
2019-03-04,43.94,23.32,112.18
2019-03-05,43.94,23.52,111.99
2019-03-06,43.69,22.4,111.91
2019-03-07,43.14,22.11,110.37
2019-03-08,43.23,22.02,110.63
2019-03-11,44.75,22.96,112.77
2019-03-12,45.18,23.45,113.56
2019-03-13,45.42,23.39,114.39
2019-03-14,45.98,22.81,114.67
2019-03-15,46.57,23.29,115.88
2019-03-18,46.99,23.24,117.51
2019-03-19,46.53,26.04,117.52
2019-03-20,47.08,25.73,117.65
2019-03-21,48.9,27.93,119.99
2019-03-22,47.77,26.35,117.28
2019-03-25,47.18,25.97,117.86
2019-03-26,46.64,25.67,117.78
2019-03-27,47.06,24.88,116.58
2019-03-28,47.13,25.1,117.01
2019-03-29,47.47,25.51,117.84
2019-04-01,47.8,26.38,118.93
2019-04-02,48.61,26.76,119.35
2019-04-03,48.83,29.0,119.94
2019-04-04,48.89,29.1,119.34
2019-04-05,49.25,28.98,119.77
2019-04-08,50.01,28.51,119.85
2019-04-09,49.85,27.23,119.19
2019-04-10,50.12,27.81,120.19
2019-04-11,49.71,27.79,120.23
2019-04-12,49.68,27.86,120.85
2019-04-15,49.75,27.33,121.05
2019-04-16,49.86,27.88,120.69
2019-04-17,50.77,27.5,121.7
2019-04-18,50.99,27.68,123.48
2019-04-22,51.12,28.17,123.75
2019-04-23,51.82,27.96,125.34
2019-04-24,51.84,28.48,125.07
2019-04-25,51.3,27.66,129.21
2019-04-26,51.02,27.89,129.73
2019-04-29,51.15,27.7,129.81
2019-04-30,50.21,27.62,130.57
2019-05-01,52.7,26.81,127.8
2019-05-02,52.23,28.27,126.03
2019-05-03,52.94,28.26,128.88
2019-05-06,52.11,27.4,128.02
2019-05-07,50.67,26.64,125.39
2019-05-08,50.75,27.15,125.65
2019-05-09,50.1,27.22,125.51
2019-05-10,49.22,27.93,127.01
2019-05-13,46.41,26.25,123.32
2019-05-14,47.21,27.36,124.9
2019-05-15,47.72,27.59,126.01
2019-05-16,47.49,28.04,128.81
2019-05-17,47.3,27.48,128.07
2019-05-20,45.78,26.72,126.29
2019-05-21,46.66,27.34,126.92
2019-05-22,45.67,27.44,127.79
2019-05-23,44.93,26.34,126.06
2019-05-24,44.69,26.49,126.07
2019-05-28,44.67,29.11,126.38
2019-05-29,44.42,28.07,125.15
2019-05-30,44.54,28.01,125.61
2019-05-31,43.81,27.46,123.77
2019-06-03,43.32,27.61,120.04
2019-06-04,44.94,29.55,123.19
2019-06-05,45.7,29.53,125.77
2019-06-06,46.26,31.85,127.78
2019-06-07,47.53,32.41,131.39
2019-06-10,48.2,33.2,132.68
2019-06-11,48.69,32.41,132.0
2019-06-12,48.46,32.19,131.32
2019-06-13,48.49,31.33,132.16
2019-06-14,48.21,30.38,132.47
2019-06-17,48.43,29.18,132.69
2019-06-18,49.61,30.44,135.21
2019-06-19,49.48,30.49,135.77
2019-06-20,49.9,30.0,137.04
2019-06-21,49.71,29.08,137.05
2019-06-24,49.66,29.25,137.84
2019-06-25,48.9,28.84,133.56
2019-06-26,49.96,29.91,133.95
2019-06-27,49.94,30.79,134.25
2019-06-28,49.46,30.41,133.97
2019-07-01,50.33,31.2,135.49
2019-07-02,50.63,31.23,136.48
2019-07-03,51.1,31.19,137.46
2019-07-05,50.98,31.48,136.99
2019-07-08,49.96,32.02,136.99
2019-07-09,50.34,33.15,136.57
2019-07-10,50.78,33.79,137.74
2019-07-11,50.46,33.04,138.32
2019-07-12,50.8,33.23,138.77
2019-07-15,51.22,34.4,138.73
2019-07-16,51.07,33.85,137.01
2019-07-17,50.87,33.6,136.37
2019-07-18,51.36,32.94,136.32
2019-07-19,50.62,32.52,136.66
2019-07-22,51.79,32.82,138.51
2019-07-23,52.13,33.46,139.2
2019-07-24,52.09,34.1,140.6
2019-07-25,51.69,33.68,140.06
2019-07-26,52.0,34.04,141.5
2019-07-29,52.45,33.5,141.04
2019-07-30,52.14,33.93,140.2
2019-07-31,53.33,30.44,136.39
2019-08-01,52.07,29.83,138.26
2019-08-02,50.91,29.44,136.73
2019-08-05,48.32,27.99,132.32
2019-08-06,49.24,28.87,134.77
2019-08-07,49.89,29.28,135.6
2019-08-08,50.84,33.93,138.74
2019-08-09,50.23,34.17,137.64
2019-08-12,50.17,32.4,135.9
2019-08-13,52.25,32.08,138.51
2019-08-14,50.7,30.27,134.11
2019-08-15,50.45,29.69,133.78
2019-08-16,51.67,31.22,136.19
2019-08-19,52.61,31.47,138.39
2019-08-20,52.64,30.72,137.47
2019-08-21,53.16,31.73,138.81
2019-08-22,53.15,31.87,137.93
2019-08-23,50.59,29.46,133.2
2019-08-26,51.5,30.22,135.26
2019-08-27,51.07,30.09,135.57
2019-08-28,51.35,30.78,135.46
2019-08-29,52.22,31.47,138.0
2019-08-30,52.06,31.45,137.69
2019-09-03,51.41,30.92,136.1
2019-09-04,52.3,30.92,137.6
2019-09-05,53.26,31.51,139.95
2019-09-06,53.32,30.53,139.13
2019-09-09,53.56,30.48,137.57
2019-09-10,54.07,30.2,136.0
2019-09-11,55.85,29.75,135.96
2019-09-12,55.79,30.23,137.56
2019-09-13,54.62,30.72,137.26
2019-09-16,55.0,30.85,136.29
2019-09-17,55.19,30.99,137.45
2019-09-18,55.65,30.43,138.52
2019-09-19,55.24,30.27,140.98
2019-09-20,54.49,30.06,139.52
2019-09-23,54.7,30.61,139.12
2019-09-24,54.46,29.5,137.43
2019-09-25,55.33,29.54,139.42
2019-09-26,54.93,29.49,139.55
2019-09-27,54.72,28.72,137.81
2019-09-30,55.96,29.02,139.05
2019-10-01,56.11,28.79,137.1
2019-10-02,54.76,28.31,134.66
2019-10-03,55.14,28.69,136.16
2019-10-04,56.76,29.02,138.06
2019-10-07,56.8,29.01,137.13
2019-10-08,56.18,28.29,135.8
2019-10-09,56.75,28.47,138.27
2019-10-10,57.54,28.41,139.09
2019-10-11,59.12,29.75,139.79
2019-10-14,58.99,30.57,139.69
2019-10-15,58.83,30.73,141.51
2019-10-16,58.61,30.82,140.37
2019-10-17,58.84,31.16,139.66
2019-10-18,59.2,31.0,137.5
2019-10-21,60.12,32.04,138.39
2019-10-22,60.02,31.52,136.41
2019-10-23,60.76,31.34,137.21
2019-10-24,60.83,31.74,139.94
2019-10-25,61.64,32.74,140.7
2019-10-28,62.24,33.69,144.12
2019-10-29,60.81,33.09,142.76
2019-10-30,60.78,33.1,144.55
2019-10-31,62.21,33.93,143.15
2019-11-01,63.92,34.87,143.45
2019-11-04,64.38,36.27,144.52
2019-11-05,64.27,36.1,144.52
2019-11-06,64.28,35.9,144.0
2019-11-07,64.79,36.27,144.3
2019-11-08,64.97,36.24,145.75
2019-11-11,65.53,36.29,145.98
2019-11-12,65.5,36.7,147.11
2019-11-13,66.16,37.51,147.28
2019-11-14,65.68,38.35,148.19
2019-11-15,66.39,38.54,149.81
2019-11-18,66.76,39.87,150.18
2019-11-19,66.57,41.27,150.52
2019-11-20,65.72,40.96,149.49
2019-11-21,65.42,39.53,149.53
2019-11-22,65.46,39.12,149.48
2019-11-25,66.54,39.78,151.23
2019-11-26,66.31,38.97,152.16
2019-11-27,66.98,39.41,152.27
2019-11-29,66.81,39.15,151.38
2019-12-02,66.12,38.71,149.69
2019-12-03,64.87,38.9,149.4
2019-12-04,65.46,39.7,149.85
2019-12-05,66.36,39.6,149.97
2019-12-06,67.64,39.6,151.86
2019-12-09,66.66,38.91,151.41
2019-12-10,67.03,39.4,151.11
2019-12-11,67.74,39.46,151.77
2019-12-12,67.83,42.52,153.11
2019-12-13,68.82,41.13,154.52
2019-12-16,69.95,42.31,155.6
2019-12-17,70.11,42.8,154.57
2019-12-18,69.98,42.31,154.61
2019-12-19,69.98,42.83,155.68
2019-12-20,69.94,44.23,157.53
2019-12-23,71.0,45.45,157.38
2019-12-24,71.07,46.54,157.38
2019-12-26,72.47,46.6,158.58
2019-12-27,72.42,46.16,158.94
2019-12-30,72.85,45.47,157.42
2019-12-31,73.38,45.83,157.67
2020-01-02,75.1,49.06,160.56
2020-01-03,74.45,48.6,158.77
2020-01-06,74.96,48.38,159.04
2020-01-07,74.54,48.28,157.48
2020-01-08,75.76,47.81,160.02
2020-01-09,77.37,48.96,162.04
2020-01-10,77.57,48.19,161.38
2020-01-13,79.24,48.74,163.25
2020-01-14,78.11,48.19,161.97
2020-01-15,77.78,48.53,163.15
2020-01-16,78.79,49.72,166.11
2020-01-17,79.65,50.9,167.11
2020-01-21,79.16,51.04,166.51
2020-01-22,79.41,51.44,165.76
2020-01-23,79.85,51.72,166.65
2020-01-24,79.55,50.33,164.89
2020-01-27,77.26,49.29,162.17
2020-01-28,79.46,50.56,165.53
2020-01-29,81.12,47.51,168.01
2020-01-30,80.96,48.79,172.9
2020-01-31,77.41,47.03,170.49
2020-02-03,77.19,48.02,174.27
2020-02-04,79.7,49.45,179.97
2020-02-05,80.35,49.85,179.77
2020-02-06,81.27,49.33,183.56
2020-02-07,79.99,49.76,184.0
2020-02-10,80.31,52.27,188.81
2020-02-11,79.81,53.8,184.2
2020-02-12,81.79,53.84,184.6
2020-02-13,81.21,54.55,183.69
2020-02-14,81.21,55.33,185.37
2020-02-18,79.69,56.85,187.18
2020-02-19,80.92,58.84,187.28
2020-02-20,80.09,57.29,184.51
2020-02-21,78.28,53.22,178.41
2020-02-24,74.63,49.15,170.91
2020-02-25,72.09,47.5,168.26
2020-02-26,73.22,47.51,170.27
2020-02-27,68.54,44.08,158.54
2020-02-28,68.07,45.15,161.44
2020-03-02,74.55,47.3,172.75
2020-03-03,72.32,46.83,164.33
2020-03-04,75.73,50.09,170.53
2020-03-05,73.3,48.1,166.26
2020-03-06,72.37,48.65,162.19
2020-03-09,66.87,43.36,151.02
2020-03-10,71.0,45.22,159.78
2020-03-11,69.03,45.76,154.13
2020-03-12,62.5,39.07,139.88
2020-03-13,68.59,43.5,156.81
2020-03-16,60.0,38.77,135.32
2020-03-17,62.53,41.66,145.11
2020-03-18,61.43,38.48,140.1
2020-03-19,61.16,39.8,142.83
2020-03-20,57.39,39.62,137.2
2020-03-23,56.52,41.76,136.8
2020-03-24,61.48,46.05,147.83
2020-03-25,61.25,44.59,146.1
2020-03-26,64.11,47.31,155.18
2020-03-27,61.92,46.54,149.62
2020-03-30,63.59,47.77,159.74
2020-03-31,63.45,45.34,157.42
2020-04-01,60.32,43.69,152.34
2020-04-02,61.21,44.44,155.3
2020-04-03,60.34,42.56,153.85
2020-04-06,65.68,47.47,165.67
2020-04-07,64.83,47.71,163.37
2020-04-08,66.47,48.74,164.77
2020-04-09,66.98,48.45,164.88
2020-04-13,68.26,50.99,165.46
2020-04-14,71.7,54.97,173.46
2020-04-15,71.1,54.96,171.9
2020-04-16,71.75,57.1,177.26
2020-04-17,70.62,56.49,178.32
2020-04-20,69.34,56.95,175.29
2020-04-21,67.28,52.96,168.19
2020-04-22,69.02,55.94,173.7
2020-04-23,68.81,55.89,171.6
2020-04-24,70.69,56.1,174.2
2020-04-27,70.78,56.47,174.02
2020-04-28,69.65,55.59,169.81
2020-04-29,71.86,53.53,177.19
2020-04-30,73.57,52.33,178.93
2020-05-01,72.2,49.8,174.34
2020-05-04,73.36,52.5,178.98
2020-05-05,74.46,52.17,180.77
2020-05-06,75.21,52.16,182.66
2020-05-07,75.9,51.84,183.37
2020-05-08,77.5,53.17,184.54
2020-05-11,78.92,55.82,187.07
2020-05-12,77.94,53.81,182.74
2020-05-13,76.99,52.21,179.97
2020-05-14,77.27,54.32,180.2
2020-05-15,76.92,54.2,183.26
2020-05-18,78.72,54.67,184.73
2020-05-19,78.35,55.55,183.84
2020-05-20,79.77,56.36,185.73
2020-05-21,79.25,54.67,183.42
2020-05-22,79.71,55.17,183.38
2020-05-26,79.2,53.21,181.6
2020-05-27,79.58,52.71,181.85
2020-05-28,79.59,51.71,181.34
2020-05-29,79.68,53.7,183.9
2020-06-01,80.49,53.64,182.75
2020-06-02,80.76,53.41,184.95
2020-06-03,81.26,52.73,185.14
2020-06-04,80.48,52.59,182.68
2020-06-05,82.73,53.05,186.95
2020-06-08,83.34,52.94,188.37
2020-06-09,86.02,56.44,189.99
2020-06-10,88.33,57.53,197.01
2020-06-11,84.1,53.02,186.61
2020-06-12,84.91,53.67,188.09
2020-06-15,85.6,54.57,188.43
2020-06-16,87.8,54.32,193.16
2020-06-17,88.03,54.59,194.61
2020-06-18,87.96,54.06,196.19
2020-06-19,87.49,54.3,195.58
2020-06-22,89.8,54.73,200.63
2020-06-23,91.8,54.01,202.06
2020-06-24,90.01,52.36,197.74
2020-06-25,91.21,51.86,200.23
2020-06-26,88.46,50.05,196.86
2020-06-29,90.35,50.2,198.19
2020-06-30,91.19,52.62,203.43
2020-07-01,91.05,52.63,204.63
2020-07-02,90.94,52.24,206.07
2020-07-06,93.47,53.36,210.42
2020-07-07,93.29,52.94,208.41
2020-07-08,95.31,53.41,212.85
2020-07-09,95.74,57.23,214.07
2020-07-10,95.89,55.92,213.64
2020-07-13,95.69,53.67,207.2
2020-07-14,97.23,54.82,208.79
2020-07-15,97.69,55.34,207.84
2020-07-16,96.48,54.82,203.8
2020-07-17,96.34,55.03,202.59
2020-07-20,98.45,57.49,211.76
2020-07-21,97.03,56.93,208.69
2020-07-22,97.26,61.82,211.66
2020-07-23,92.75,59.41,202.6
2020-07-24,92.69,69.39,201.44
2020-07-27,94.81,68.89,203.71
2020-07-28,93.38,67.58,202.17
2020-07-29,95.0,76.19,203.97
2020-07-30,96.2,78.23,203.75
2020-07-31,106.21,77.26,204.71
2020-08-03,108.96,77.72,216.74
2020-08-04,109.54,85.03,213.03
2020-08-05,110.03,85.29,212.93
2020-08-06,113.65,86.64,216.08
2020-08-07,111.01,84.8,212.26
2020-08-10,112.7,82.19,207.97
2020-08-11,109.38,76.87,203.4
2020-08-12,113.0,82.7,209.11
2020-08-13,115.14,81.78,208.56
2020-08-14,114.9,81.17,208.71
2020-08-17,114.66,82.41,210.25
2020-08-18,115.57,81.59,211.44
2020-08-19,115.76,80.97,209.84
2020-08-20,118.37,82.75,214.53
2020-08-21,124.6,83.83,212.91
2020-08-24,125.53,83.04,213.55
2020-08-25,124.85,86.34,216.45
2020-08-26,126.46,86.09,221.0
2020-08-27,125.12,83.79,226.89
2020-08-28,124.88,85.56,228.98
2020-08-31,129.6,91.02,226.35
2020-09-01,134.44,92.07,227.04
2020-09-02,131.64,90.27,231.89
2020-09-03,120.94,82.4,217.83
2020-09-04,121.12,82.14,214.56
2020-09-08,112.88,78.74,203.14
2020-09-09,117.34,81.95,211.36
2020-09-10,113.73,79.06,205.88
2020-09-11,112.15,76.34,204.42
2020-09-14,115.53,77.92,205.44
2020-09-15,115.64,78.95,208.77
2020-09-16,112.13,76.59,204.72
2020-09-17,110.15,76.42,202.5
2020-09-18,106.91,75.0,200.15
2020-09-21,109.95,77.89,202.34
2020-09-22,111.87,77.71,207.62
2020-09-23,106.89,74.55,200.44
2020-09-24,108.17,75.76,203.23
2020-09-25,112.42,77.99,207.93
2020-09-28,114.93,79.45,209.2
2020-09-29,114.06,81.79,207.46
2020-09-30,116.16,82.24,210.96
2020-10-01,116.76,84.78,212.6
2020-10-02,113.17,81.88,206.43
2020-10-05,116.51,86.1,210.29
2020-10-06,113.22,84.56,205.96
2020-10-07,115.11,86.75,209.8
2020-10-08,114.82,86.47,210.47
2020-10-09,116.95,83.04,215.58
2020-10-12,124.57,84.37,221.39
2020-10-13,121.11,85.31,223.25
2020-10-14,121.3,84.32,221.0
2020-10-15,120.68,83.02,219.69
2020-10-16,119.02,83.22,219.65
2020-10-19,116.07,81.99,214.33
2020-10-20,117.66,81.78,214.9
2020-10-21,116.91,79.26,214.96
2020-10-22,115.68,79.3,214.72
2020-10-23,114.99,81.88,216.1
2020-10-26,115.12,82.09,209.99
2020-10-27,116.77,78.97,213.3
2020-10-28,111.43,76.51,202.64
2020-10-29,115.69,78.25,205.19
2020-10-30,108.65,75.03,201.79
2020-11-02,108.3,74.59,201.64
2020-11-03,110.49,76.7,206.39
2020-11-04,114.9,81.31,216.29
2020-11-05,119.23,83.08,223.52
2020-11-06,118.83,85.92,223.85
2020-11-09,116.76,83.43,218.72
2020-11-10,116.19,78.05,211.11
2020-11-11,119.47,81.25,216.53
2020-11-12,119.19,81.73,215.26
2020-11-13,119.37,81.49,216.87
2020-11-16,120.09,83.64,217.12
2020-11-17,119.42,83.46,214.58
2020-11-18,118.29,82.68,211.51
2020-11-19,118.64,85.62,212.47
2020-11-20,117.42,84.74,210.67
2020-11-23,113.94,85.33,209.91
2020-11-24,115.02,85.05,213.57
2020-11-25,116.01,86.62,213.78
2020-11-27,116.49,87.09,215.01
2020-11-30,119.23,92.46,213.25
2020-12-01,122.72,92.56,216.12
2020-12-02,123.06,93.7,215.29
2020-12-03,122.67,92.14,214.03
2020-12-04,122.25,94.07,214.22
2020-12-07,123.71,93.99,214.18
2020-12-08,124.38,92.95,216.09
2020-12-09,121.95,89.85,212.03
2020-12-10,123.42,91.68,210.47
2020-12-11,122.22,91.49,213.11
2020-12-14,122.0,94.97,214.64
2020-12-15,127.81,96.95,214.07
2020-12-16,127.77,96.9,219.17
2020-12-17,128.66,96.78,219.27
2020-12-18,126.8,95.57,218.72
2020-12-21,128.14,93.06,222.57
2020-12-22,131.8,93.06,223.73
2020-12-23,131.09,91.59,221.58
2020-12-24,131.92,91.7,222.58
2020-12-28,136.74,91.58,225.06
2020-12-29,134.78,90.56,224.04
2020-12-30,133.81,92.32,221.63
2020-12-31,132.86,91.77,222.67
2021-01-04,129.28,92.29,217.75
2021-01-05,130.98,92.74,218.11
2021-01-06,126.6,90.35,212.2
2021-01-07,131.05,95.23,218.46
2021-01-08,132.04,94.62,219.55
2021-01-11,128.93,97.09,217.37
2021-01-12,129.16,95.37,215.16
2021-01-13,131.04,91.81,216.39
2021-01-14,128.99,90.69,213.21
2021-01-15,127.18,88.11,212.75
2021-01-19,127.77,89.42,216.53
2021-01-20,132.16,88.83,224.5
2021-01-21,136.94,91.58,224.73
2021-01-22,139.3,92.89,226.42
2021-01-25,143.06,94.14,229.59
2021-01-26,143.12,94.67,232.45
2021-01-27,142.32,88.93,232.8
2021-01-28,136.97,87.53,238.98
2021-01-29,131.97,85.69,232.48
2021-02-01,134.23,87.67,239.96
2021-02-02,134.94,88.81,239.46
2021-02-03,134.1,87.99,243.63
2021-02-04,137.2,87.6,241.59
2021-02-05,136.74,87.92,242.01
2021-02-08,136.79,91.33,242.19
2021-02-09,135.96,90.91,243.58
2021-02-10,135.21,92.25,242.84
2021-02-11,135.09,92.57,244.49
2021-02-12,135.47,93.75,245.19
2021-02-16,133.17,91.45,243.92
2021-02-17,130.8,90.0,244.16
2021-02-18,129.81,88.7,243.74
2021-02-19,129.88,89.49,240.74
2021-02-22,126.1,85.46,234.56
2021-02-23,126.06,84.87,233.64
2021-02-24,125.33,86.94,234.46
2021-02-25,121.1,82.66,229.14
2021-02-26,122.31,84.84,233.12
2021-03-01,127.61,86.28,236.62
2021-03-02,125.17,84.28,233.86
2021-03-03,122.1,81.08,227.58
2021-03-04,119.96,77.74,227.03
2021-03-05,121.52,78.47,231.87
2021-03-08,116.57,74.15,227.56
2021-03-09,121.01,78.5,233.7
2021-03-10,119.98,77.62,232.46
2021-03-11,121.92,81.19,237.04
2021-03-12,120.96,81.07,235.49
2021-03-15,123.94,82.38,234.98
2021-03-16,125.69,82.64,237.93
2021-03-17,124.53,82.59,237.08
2021-03-18,120.69,78.16,230.94
2021-03-19,119.98,78.97,230.33
2021-03-22,123.47,80.19,235.93
2021-03-23,122.42,78.43,237.21
2021-03-24,120.22,76.48,235.61
2021-03-25,120.7,76.31,232.44
2021-03-26,121.04,77.14,235.93
2021-03-29,121.24,77.08,235.09
2021-03-30,119.57,75.81,231.58
2021-03-31,122.3,78.47,236.42
2021-04-01,122.91,80.98,242.54
2021-04-05,125.86,81.27,249.19
2021-04-06,126.07,81.31,247.63
2021-04-07,127.84,82.11,249.91
2021-04-08,130.28,83.25,252.94
2021-04-09,132.96,82.72,255.8
2021-04-12,131.28,78.53,255.92
2021-04-13,134.4,80.11,258.51
2021-04-14,131.98,78.43,255.47
2021-04-15,134.42,82.8,259.12
2021-04-16,134.13,82.16,260.88
2021-04-19,134.76,81.11,258.46
2021-04-20,133.08,79.33,258.32
2021-04-21,133.53,81.57,260.47
2021-04-22,131.96,79.09,256.8
2021-04-23,134.33,82.72,261.16
2021-04-26,134.57,85.4,261.34
2021-04-27,134.43,85.22,262.51
2021-04-28,133.56,83.92,254.17
2021-04-29,133.33,83.77,252.29
2021-04-30,131.19,81.53,251.61
2021-05-03,132.42,78.49,251.65
2021-05-04,127.78,78.58,247.71
2021-05-05,128.02,77.88,246.44
2021-05-06,129.63,77.73,249.66
2021-05-07,130.23,78.81,252.5
2021-05-10,126.95,76.03,247.3
2021-05-11,126.03,76.81,246.39
2021-05-12,122.9,74.63,239.24
2021-05-13,125.06,73.01,243.1
2021-05-14,127.44,74.59,248.2
2021-05-17,126.19,74.55,245.08
2021-05-18,124.98,74.56,243.21
2021-05-19,124.65,76.12,242.89
2021-05-20,127.25,78.06,246.3
2021-05-21,125.27,77.13,244.86
2021-05-24,127.04,77.43,250.63
2021-05-25,126.8,77.77,251.57
2021-05-26,126.74,78.2,251.29
2021-05-27,125.46,78.25,249.77
2021-05-28,124.62,80.1,249.84
2021-06-01,124.21,80.76,247.0
2021-06-02,125.05,81.93,247.23
2021-06-03,123.5,80.32,245.95
2021-06-04,125.86,81.49,250.64
2021-06-07,125.96,81.31,254.0
2021-06-08,126.7,80.86,252.61
2021-06-09,127.17,79.95,253.55
2021-06-10,126.03,81.6,257.33
2021-06-11,127.24,81.24,257.82
2021-06-14,130.34,81.34,259.63
2021-06-15,129.57,80.42,258.16
2021-06-16,130.2,80.15,257.3
2021-06-17,131.97,84.68,261.25
2021-06-18,130.67,84.76,259.87
2021-06-21,132.23,82.66,262.87
2021-06-22,133.9,83.48,265.13
2021-06-23,133.71,83.81,265.16
2021-06-24,133.43,86.11,266.79
2021-06-25,133.33,85.58,265.17
2021-06-28,134.76,87.04,268.87
2021-06-29,136.38,89.5,271.42
2021-06-30,136.96,93.99,271.12
2021-07-01,137.24,93.28,271.64
2021-07-02,139.95,94.7,277.51
2021-07-06,142.07,94.42,277.63
2021-07-07,144.56,90.47,279.83
2021-07-08,143.04,89.57,277.22
2021-07-09,144.98,90.87,277.8
2021-07-12,144.44,90.74,277.27
2021-07-13,145.34,90.13,280.68
2021-07-14,148.87,88.99,282.41
2021-07-15,148.44,86.9,281.09
2021-07-16,146.37,85.85,280.75
2021-07-19,142.31,86.49,276.85
2021-07-20,146.23,87.21,279.44
2021-07-21,145.19,89.34,281.3
2021-07-22,146.78,91.28,286.21
2021-07-23,148.57,92.13,289.69
2021-07-26,148.93,91.8,289.07
2021-07-27,146.78,90.93,286.55
2021-07-28,145.1,97.97,286.31
2021-07-29,145.66,103.04,286.51
2021-07-30,145.86,106.18,284.83
2021-08-02,145.46,108.64,284.92
2021-08-03,147.32,112.31,287.02
2021-08-04,147.05,118.71,286.68
2021-08-05,146.98,112.31,289.55
2021-08-06,146.04,109.97,289.35
2021-08-09,146.14,107.62,288.51
2021-08-10,145.46,106.41,286.22
2021-08-11,145.86,107.73,287.04
2021-08-12,148.97,106.54,289.76
2021-08-13,149.04,110.58,292.65
2021-08-16,151.03,107.4,294.6
2021-08-17,150.24,107.44,293.03
2021-08-18,146.32,103.39,290.5
2021-08-19,146.46,103.59,296.61
2021-08-20,148.16,104.62,304.32
2021-08-23,149.65,108.77,304.36
2021-08-24,149.63,107.53,302.41
2021-08-25,148.37,108.22,302.18
2021-08-26,147.56,107.22,299.1
2021-08-27,148.6,111.35,299.76
2021-08-30,153.1,111.25,303.59
2021-08-31,151.84,110.69,302.17
2021-09-01,152.48,109.87,301.54
2021-09-02,153.66,109.04,301.09
2021-09-03,154.31,109.93,301.26
2021-09-07,156.67,109.09,300.12
2021-09-08,155.03,106.06,299.98
2021-09-09,154.11,106.05,297.02
2021-09-10,148.81,105.12,295.78
2021-09-13,149.47,104.67,297.0
2021-09-14,148.21,105.65,299.92
2021-09-15,148.89,105.5,304.64
2021-09-16,148.73,106.14,305.04
2021-09-17,146.16,103.89,300.42
2021-09-20,142.99,101.5,294.61
2021-09-21,143.68,103.0,295.17
2021-09-22,145.81,104.31,298.38
2021-09-23,146.85,106.09,299.58
2021-09-24,146.95,105.85,299.38
2021-09-27,145.35,108.12,294.18
2021-09-28,142.03,101.54,282.97
2021-09-29,142.68,100.23,283.58
2021-09-30,141.82,103.06,282.77
2021-10-01,142.38,102.41,288.58
2021-10-04,139.17,100.32,283.29
2021-10-05,141.12,101.85,288.88
2021-10-06,142.04,103.64,293.5
2021-10-07,143.03,106.46,294.53
2021-10-08,142.97,105.13,294.97
2021-10-11,142.91,104.75,294.39
2021-10-12,141.82,105.11,293.43
2021-10-13,140.74,109.09,296.18
2021-10-14,143.71,111.99,302.69
2021-10-15,144.86,112.06,304.31
2021-10-18,146.62,116.48,307.35
2021-10-19,148.7,116.3,308.09
2021-10-20,149.21,116.27,307.09
2021-10-21,149.6,119.39,310.91
2021-10-22,148.75,119.88,309.22
2021-10-25,148.49,122.28,307.82
2021-10-26,149.33,122.94,310.09
2021-10-27,148.91,122.29,323.74
2021-10-28,152.45,121.03,324.37
2021-10-29,149.85,120.29,331.53
2021-11-01,148.78,125.32,329.41
2021-11-02,149.99,127.65,333.4
2021-11-03,151.57,130.55,334.1
2021-11-04,150.79,137.56,336.09
2021-11-05,151.22,136.28,336.29
2021-11-08,150.45,149.94,337.13
2021-11-09,150.98,148.9,335.96
2021-11-10,147.9,139.92,331.25
2021-11-11,147.84,145.96,332.44
2021-11-12,150.0,147.84,336.8
2021-11-15,149.94,146.49,335.99
2021-11-16,150.95,152.35,339.28
2021-11-17,153.4,151.27,339.15
2021-11-18,157.82,154.99,340.91
2021-11-19,160.56,155.3,343.16
2021-11-22,161.17,152.64,340.31
2021-11-23,161.46,149.82,337.48
2021-11-24,161.96,157.74,338.03
2021-11-26,157.36,154.94,330.49
2021-11-29,160.37,161.91,336.59
2021-11-30,165.44,158.52,331.7
2021-12-01,164.84,149.46,330.42
2021-12-02,163.34,150.21,328.58
2021-12-03,161.85,143.99,322.91
2021-12-06,165.17,138.89,326.29
2021-12-07,170.92,144.5,334.27
2021-12-08,174.98,145.17,334.81
2021-12-09,174.72,138.08,333.52
2021-12-10,179.44,138.34,342.64
2021-12-13,175.87,133.98,339.82
2021-12-14,174.12,135.43,328.0
2021-12-15,179.11,146.13,334.35
2021-12-16,172.24,138.8,325.46
2021-12-17,171.45,137.9,324.33
2021-12-20,169.97,135.95,320.09
2021-12-21,172.94,144.31,326.9
2021-12-22,175.69,143.7,333.32
2021-12-23,176.34,146.3,335.03
2021-12-27,180.32,154.2,342.22
2021-12-28,179.15,152.98,340.81
2021-12-29,179.49,148.3,342.19
2021-12-30,178.18,145.06,339.09
2021-12-31,177.6,143.85,336.37
2022-01-03,181.86,150.07,334.36
2022-01-04,179.9,144.62,329.39
2022-01-05,175.14,136.38,316.92
2022-01-06,172.08,136.21,314.17
2022-01-07,172.35,132.16,314.35
2022-01-10,172.33,132.04,314.14
2022-01-11,174.93,136.96,314.6
2022-01-12,175.4,137.43,317.93
2022-01-13,172.07,132.43,304.47
2022-01-14,173.17,136.91,310.27
2022-01-18,169.81,131.81,302.58
2022-01-19,166.13,128.43,302.98
2022-01-20,164.29,122.0,301.26
2022-01-21,163.18,119.68,297.47
2022-01-24,161.8,116.41,296.52
2022-01-25,159.81,111.26,288.83
2022-01-26,159.82,110.46,296.54
2022-01-27,159.45,102.6,300.3
2022-01-28,170.17,105.24,307.99
2022-01-31,174.73,114.04,310.9
2022-02-01,174.65,117.02,309.01
2022-02-02,175.66,122.46,313.49
2022-02-03,173.2,120.38,301.8
2022-02-04,172.63,123.64,306.27
2022-02-07,171.4,123.39,300.5
2022-02-08,174.89,128.17,304.54
2022-02-09,175.89,132.66,310.59
2022-02-10,172.35,125.91,303.08
2022-02-11,168.79,113.29,295.41
2022-02-14,168.37,114.36,295.5
2022-02-15,172.58,121.36,300.1
2022-02-16,172.66,117.81,299.72
2022-02-17,168.79,112.45,290.73
2022-02-18,167.22,113.97,287.79
2022-02-22,164.17,115.45,287.56
2022-02-23,160.29,109.91,280.62
2022-02-24,162.31,116.33,294.14
2022-02-25,164.82,121.0,297.14
2022-02-28,165.13,123.21,298.71
2022-03-01,163.31,113.75,295.1
2022-03-02,166.52,118.15,300.38
2022-03-03,166.05,111.97,295.54
2022-03-04,163.36,108.48,290.01
2022-03-07,159.53,103.11,279.21
2022-03-08,157.16,105.5,275.55
2022-03-09,162.74,110.9,287.89
2022-03-10,158.59,106.67,285.78
2022-03-11,154.76,104.3,279.84
2022-03-14,150.62,102.39,276.4
2022-03-15,155.06,109.27,287.04
2022-03-16,159.18,115.07,293.64
2022-03-17,160.26,111.5,294.55
2022-03-18,163.73,113.37,300.11
2022-03-21,165.33,115.68,298.91
2022-03-22,168.88,114.67,303.92
2022-03-23,170.32,113.96,299.76
2022-03-24,173.99,120.38,303.72
2022-03-25,174.51,119.47,303.3
2022-03-28,175.58,120.1,310.62
2022-03-29,178.91,123.04,315.47
2022-03-30,177.49,118.94,313.62
2022-03-31,175.01,109.72,309.65
2022-04-01,174.45,108.15,309.51
2022-04-04,178.33,110.44,314.68
2022-04-05,174.77,106.75,310.01
2022-04-06,171.95,103.75,299.55
2022-04-07,172.09,103.65,301.26
2022-04-08,169.98,101.0,296.69
2022-04-11,165.67,97.38,285.14
2022-04-12,167.78,95.12,282.25
2022-04-13,170.46,97.66,287.56
2022-04-14,165.08,92.98,279.93
2022-04-18,164.85,93.66,280.0
2022-04-19,167.37,96.89,285.21
2022-04-20,167.23,94.13,286.5
2022-04-21,166.57,89.89,280.79
2022-04-22,161.7,88.2,273.95
2022-04-25,162.98,90.69,280.64
2022-04-26,157.14,85.35,270.41
2022-04-27,156.46,84.86,283.34
2022-04-28,163.31,89.45,289.24
2022-04-29,157.5,85.56,277.05
2022-05-02,158.08,89.83,284.61
2022-05-03,159.4,91.11,281.75
2022-05-04,166.08,99.42,289.97
2022-05-05,156.77,93.8,277.49
2022-05-06,157.32,95.4,275.15
2022-05-09,152.06,86.42,264.68
2022-05-10,154.72,88.73,269.86
2022-05-11,146.3,87.87,260.11
2022-05-12,142.62,87.03,255.61
2022-05-13,146.93,94.96,260.66
2022-05-16,145.22,94.17,261.31
2022-05-17,149.04,102.41,266.43
2022-05-18,140.9,96.29,254.25
2022-05-19,137.46,96.77,253.22
2022-05-20,137.76,93.46,252.44
2022-05-23,143.13,95.05,260.44
2022-05-24,140.17,91.02,259.45
2022-05-25,140.39,92.51,262.43
2022-05-26,143.95,98.69,265.94
2022-05-27,149.47,102.15,272.99
2022-05-31,149.06,102.07,272.07
2022-06-01,148.83,101.47,272.77
2022-06-02,151.2,108.53,274.36
2022-06-03,145.36,106.35,269.76
2022-06-06,146.14,105.45,268.52
2022-06-07,148.75,105.36,272.67
2022-06-08,147.74,101.82,269.93
2022-06-09,142.71,98.89,264.91
2022-06-10,137.33,94.89,253.28
2022-06-13,131.8,86.92,242.28
2022-06-14,132.6,86.95,244.45
2022-06-15,135.28,89.15,251.42
2022-06-16,129.82,82.11,244.79
2022-06-17,131.5,81.56,247.57
2022-06-21,135.65,83.67,253.22
2022-06-22,135.57,83.78,253.4
2022-06-23,138.37,82.45,259.07
2022-06-24,141.44,86.95,267.13
2022-06-27,141.33,85.98,264.46
2022-06-28,137.56,80.79,256.64
2022-06-29,139.35,78.02,260.47
2022-06-30,136.39,76.24,255.83
2022-07-01,138.87,73.52,259.29
2022-07-05,141.42,75.07,262.65
2022-07-06,142.83,75.3,266.03
2022-07-07,146.48,79.31,268.5
2022-07-08,147.02,79.34,267.79
2022-07-11,144.71,76.91,264.32
2022-07-12,145.91,76.41,253.82
2022-07-13,145.66,77.58,252.9
2022-07-14,148.44,78.55,253.95
2022-07-15,150.02,81.11,256.54
2022-07-18,146.99,81.43,254.28
2022-07-19,150.98,85.86,259.32
2022-07-20,152.99,89.39,262.05
2022-07-21,155.34,91.02,264.63
2022-07-22,153.91,88.05,259.96
2022-07-25,152.78,87.49,258.8
2022-07-26,151.41,85.21,251.18
2022-07-27,156.76,89.85,269.02
2022-07-28,157.39,91.76,276.43
2022-07-29,162.52,94.58,280.71
2022-08-01,161.44,96.79,277.94
2022-08-02,159.97,99.29,274.8
2022-08-03,166.03,98.12,282.44
2022-08-04,165.62,103.86,283.26
2022-08-05,165.2,102.17,282.68
2022-08-08,164.91,100.03,280.44
2022-08-09,164.76,95.58,282.12
2022-08-10,169.06,99.03,289.05
2022-08-11,168.33,98.04,286.97
2022-08-12,171.93,100.74,291.66
2022-08-15,173.03,100.99,293.3
2022-08-16,173.06,100.25,292.8
2022-08-17,174.48,98.25,291.26
2022-08-18,173.99,100.37,289.85
2022-08-19,171.69,95.98,286.44
2022-08-22,167.43,92.8,277.49
2022-08-23,167.14,92.47,276.5
2022-08-24,167.45,92.71,275.72
2022-08-25,169.93,97.16,278.52
2022-08-26,163.84,91.29,268.54
2022-08-29,161.51,88.54,265.52
2022-08-30,159.04,86.84,263.04
2022-08-31,157.48,84.96,261.82
2022-09-01,158.06,82.45,260.28
2022-09-02,155.55,80.12,255.48
2022-09-06,154.4,78.73,253.18
2022-09-07,155.89,79.63,258.03
2022-09-08,154.15,82.59,258.0
2022-09-09,157.43,85.46,264.67
2022-09-12,163.38,84.64,266.39
2022-09-13,154.02,77.08,252.13
2022-09-14,155.4,77.44,252.38
2022-09-15,152.46,76.73,245.76
2022-09-16,150.9,76.53,245.02
2022-09-19,154.52,76.7,244.55
2022-09-20,156.74,75.22,242.34
2022-09-21,154.05,74.66,239.46
2022-09-22,153.16,69.82,241.17
2022-09-23,150.21,67.88,237.52
2022-09-26,150.82,66.43,237.76
2022-09-27,151.66,67.15,236.11
2022-09-28,149.98,68.38,241.19
2022-09-29,142.42,64.2,237.66
2022-09-30,138.23,63.4,233.04
2022-10-03,142.4,66.06,240.55
2022-10-04,145.96,67.8,248.46
2022-10-05,146.12,67.83,248.88
2022-10-06,145.28,67.79,246.55
2022-10-07,140.24,58.39,234.44
2022-10-10,140.49,57.87,229.12
2022-10-11,138.91,57.61,225.31
2022-10-12,138.42,57.89,225.85
2022-10-13,143.16,59.0,234.57
2022-10-14,138.24,55.85,228.45
2022-10-17,142.23,57.86,237.02
2022-10-18,143.42,57.81,237.96
2022-10-19,143.81,57.21,236.39
2022-10-20,143.43,57.79,236.17
2022-10-21,147.37,58.79,241.98
2022-10-24,149.36,58.67,246.98
2022-10-25,152.2,61.38,250.62
2022-10-26,149.13,59.72,231.17
2022-10-27,144.7,58.51,226.56
2022-10-28,155.71,62.01,235.68
2022-10-31,153.07,60.03,232.05
2022-11-01,150.76,59.56,228.11
2022-11-02,145.42,58.75,220.83
2022-11-03,139.04,60.13,214.3
2022-11-04,138.03,62.09,221.01
2022-11-07,139.03,63.01,227.91
2022-11-08,139.4,63.81,228.81
2022-11-09,134.96,59.96,224.75
2022-11-10,146.63,68.41,242.86
2022-11-11,149.54,72.31,246.85
2022-11-14,148.36,73.56,241.92
2022-11-15,149.87,76.29,241.64
2022-11-16,148.95,72.74,242.03
2022-11-17,150.55,73.8,241.42
2022-11-18,151.12,73.53,241.01
2022-11-21,147.95,72.48,242.19
2022-11-22,150.22,75.26,244.99
2022-11-23,151.04,76.36,247.56
2022-11-25,147.95,75.34,247.65
2022-11-28,144.39,73.22,242.1
2022-11-29,141.23,73.43,240.47
2022-11-30,147.57,77.49,254.28
2022-12-01,148.56,77.51,255.02
2022-12-02,147.85,75.03,255.12
2022-12-05,146.61,73.59,250.26
2022-12-06,142.76,70.31,244.96
2022-12-07,141.03,70.12,244.14
2022-12-08,142.68,70.46,247.38
2022-12-09,142.17,68.62,245.4
2022-12-12,144.42,70.62,252.3
2022-12-13,145.44,71.67,256.98
2022-12-14,143.15,69.0,257.51
2022-12-15,136.48,66.56,249.21
2022-12-16,134.69,65.43,244.66
2022-12-19,132.51,64.57,240.75
2022-12-20,132.29,65.02,241.74
2022-12-21,135.49,67.63,244.37
2022-12-22,132.24,63.86,238.32
2022-12-23,131.82,64.5,238.59
2022-12-27,130.02,63.26,236.98
2022-12-28,126.09,62.6,234.53
2022-12-29,129.64,64.79,241.04
2022-12-30,129.84,64.72,239.73
2023-01-03,125.25,64.01,239.67
2023-01-04,126.27,64.5,229.0
2023-01-05,125.09,62.32,222.3
2023-01-06,129.46,63.9,224.55
2023-01-09,130.08,67.2,227.05
2023-01-10,130.66,67.97,228.72
2023-01-11,133.33,69.0,235.6
2023-01-12,133.46,70.83,238.22
2023-01-13,134.73,71.02,239.18
2023-01-17,135.94,71.63,240.27
2023-01-18,135.06,70.51,235.58
2023-01-19,135.35,67.76,232.01
2023-01-20,137.62,70.01,240.0
2023-01-23,141.07,76.51,242.45
2023-01-24,142.62,74.75,241.9
2023-01-25,141.78,74.85,240.51
2023-01-26,143.93,75.04,247.82
2023-01-27,145.94,75.49,248.16
2023-01-30,142.88,72.41,242.53
2023-01-31,144.2,75.0,247.44
2023-02-01,145.33,84.67,252.85
2023-02-02,150.35,88.2,264.1
2023-02-03,154.72,86.12,258.69
2023-02-06,151.74,83.67,256.78
2023-02-07,154.92,86.02,267.97
2023-02-08,152.02,84.73,266.73
2023-02-09,150.82,83.19,263.5
2023-02-10,151.07,81.49,263.35
2023-02-13,153.64,82.97,270.69
2023-02-14,153.26,85.98,272.27
2023-02-15,155.08,85.05,268.99
2023-02-16,153.79,80.18,262.18
2023-02-17,152.43,78.49,257.86
2023-02-21,148.51,76.77,252.7
2023-02-22,148.5,76.48,251.06
2023-02-23,149.54,79.83,255.07
2023-02-24,146.53,78.12,249.11
2023-02-27,147.8,78.72,250.13
2023-02-28,147.86,78.79,250.25
2023-03-01,145.24,78.22,246.36
2023-03-02,145.86,80.39,251.01
2023-03-03,151.02,81.57,255.35
2023-03-06,153.85,81.14,256.87
2023-03-07,151.62,82.16,254.19
2023-03-08,152.71,85.4,253.56
2023-03-09,150.74,84.19,252.65
2023-03-10,148.6,82.71,248.68
2023-03-13,150.36,82.03,253.85
2023-03-14,152.58,87.28,260.67
2023-03-15,152.56,89.23,264.84
2023-03-16,155.89,96.59,276.18
2023-03-17,155.05,97.78,278.89
2023-03-20,157.39,96.81,272.05
2023-03-21,159.18,95.85,273.33
2023-03-22,158.46,97.97,273.26
2023-03-23,159.11,100.43,278.36
2023-03-24,160.18,97.86,280.29
2023-03-27,158.11,96.49,275.96
2023-03-28,157.6,94.57,275.18
2023-03-29,160.7,96.06,280.38
2023-03-30,162.34,97.83,284.07
2023-03-31,164.93,98.06,288.76
2023-04-03,166.2,96.58,287.27
2023-04-04,165.45,95.87,286.87
2023-04-05,163.86,92.56,284.36
2023-04-06,164.62,92.49,291.47
2023-04-10,161.81,95.29,288.89
2023-04-11,160.76,94.05,282.92
2023-04-12,160.03,92.33,283.48
2023-04-13,165.57,92.05,289.65
2023-04-14,165.16,91.71,285.95
2023-04-17,165.14,89.85,288.5
2023-04-18,166.66,89.83,288.68
2023-04-19,167.56,90.02,288.45
2023-04-20,166.44,89.95,285.77
2023-04-21,164.99,88.43,285.73
2023-04-24,165.19,87.54,281.62
2023-04-25,163.85,83.86,276.09
2023-04-26,163.9,85.9,295.78
2023-04-27,168.37,87.39,304.7
2023-04-28,169.63,89.32,307.13
2023-05-01,169.89,89.77,305.89
2023-05-02,168.67,90.03,305.76
2023-05-03,167.49,81.76,304.43
2023-05-04,165.62,86.58,305.55
2023-05-05,173.5,89.77,310.13
2023-05-08,173.46,94.94,308.39
2023-05-09,171.78,95.08,306.94
2023-05-10,173.49,96.97,312.15
2023-05-11,173.72,97.13,310.21
2023-05-12,172.53,95.24,308.75
2023-05-15,172.07,97.34,309.28
2023-05-16,172.14,101.46,311.85
2023-05-17,172.67,103.74,313.71
2023-05-18,175.09,107.9,318.62
2023-05-19,175.25,105.92,318.64
2023-05-22,174.18,107.99,321.15
2023-05-23,171.62,108.12,315.44
2023-05-24,171.8,108.3,313.61
2023-05-25,173.0,120.31,326.01
2023-05-26,175.32,126.87,332.82
2023-05-30,177.19,125.26,330.91
2023-05-31,177.6,118.21,329.37
2023-06-01,179.97,119.47,332.34
2023-06-02,181.0,117.76,335.5
2023-06-05,179.49,117.86,335.93
2023-06-06,179.35,124.37,334.06
2023-06-07,177.91,117.95,323.58
2023-06-08,180.67,121.19,325.24
2023-06-09,180.89,124.9,326.42
2023-06-12,183.65,129.16,331.62
2023-06-13,183.26,124.37,334.14
2023-06-14,183.72,127.13,336.61
2023-06-15,185.76,124.28,347.75
2023-06-16,184.99,119.98,342.51
2023-06-20,185.17,118.94,338.27
2023-06-21,183.9,112.14,333.42
2023-06-22,186.96,110.47,339.8
2023-06-23,186.58,109.99,334.83
2023-06-26,185.32,107.52,328.74
2023-06-27,188.03,110.31,334.44
2023-06-28,189.0,110.08,335.04
2023-06-29,189.53,111.18,335.05
2023-06-30,193.98,113.9,340.51
2023-07-03,192.45,115.65,338.15
2023-07-05,191.32,113.93,338.43
2023-07-06,191.97,113.52,341.55
2023-07-07,190.76,113.13,337.18
2023-07-10,188.47,113.49,331.44
2023-07-11,188.22,111.33,332.7
2023-07-12,189.62,114.58,336.97
2023-07-13,190.67,115.97,342.79
2023-07-14,190.48,115.78,344.43
2023-07-17,193.75,118.37,345.41
2023-07-18,193.58,117.94,359.34
2023-07-19,195.12,116.42,355.11
2023-07-20,193.29,110.3,347.04
2023-07-21,191.83,110.89,343.78
2023-07-24,192.63,110.57,345.0
2023-07-25,193.77,113.0,351.12
2023-07-26,194.4,109.86,337.83
2023-07-27,193.45,111.22,330.9
2023-07-28,195.63,112.86,337.99
2023-07-31,196.17,114.21,335.43
2023-08-01,195.63,117.66,336.34
2023-08-02,192.82,109.41,328.0
2023-08-03,191.65,113.38,327.43
2023-08-04,182.01,115.79,327.74
2023-08-07,178.82,116.74,330.17
2023-08-08,179.92,113.3,326.27
2023-08-09,178.09,110.43,322.24
2023-08-10,178.05,110.25,323.07
2023-08-11,177.77,107.49,320.71
2023-08-14,179.31,111.81,323.49
2023-08-15,177.68,111.38,321.96
2023-08-16,176.6,107.25,320.55
2023-08-17,174.27,104.48,317.31
2023-08-18,174.38,105.45,316.51
2023-08-21,175.86,108.21,322.07
2023-08-22,177.34,105.75,322.42
2023-08-23,181.06,109.32,326.72
2023-08-24,176.54,101.97,320.81
2023-08-25,178.56,102.19,323.05
2023-08-28,180.15,102.61,323.81
2023-08-29,184.08,105.88,328.1
2023-08-30,187.66,106.52,328.47
2023-08-31,188.03,105.72,328.06
2023-09-01,189.45,109.48,328.66
2023-09-05,189.73,110.83,333.65
2023-09-06,182.9,109.2,332.89
2023-09-07,177.88,106.69,330.36
2023-09-08,178.16,106.05,334.04
2023-09-11,179.47,105.25,337.98
2023-09-12,176.29,105.38,331.6
2023-09-13,174.15,107.68,335.65
2023-09-14,175.73,106.62,338.77
2023-09-15,175.03,101.51,330.45
2023-09-18,177.87,102.35,328.8
2023-09-19,179.1,101.62,328.71
2023-09-20,175.52,100.35,320.67
2023-09-21,174.06,96.13,319.72
2023-09-22,174.9,96.14,316.63
2023-09-25,175.99,97.37,317.26
2023-09-26,172.11,95.92,311.97
2023-09-27,170.25,97.99,312.52
2023-09-28,170.73,102.82,313.92
2023-09-29,171.18,102.78,315.84
2023-10-02,173.55,103.11,321.47
2023-10-03,172.25,100.01,313.15
2023-10-04,173.76,104.1,319.64
2023-10-05,175.01,103.0,319.61
2023-10-06,177.47,107.2,327.26
2023-10-09,178.94,107.0,329.76
2023-10-10,178.35,109.02,328.36
2023-10-11,179.72,108.26,332.48
2023-10-12,180.7,108.79,331.05
2023-10-13,178.79,105.03,327.58
2023-10-16,178.88,106.54,333.12
2023-10-17,177.08,105.11,331.97
2023-10-18,175.8,102.2,330.33
2023-10-19,175.6,102.5,331.67
2023-10-20,172.98,101.86,326.95
2023-10-23,172.82,99.95,329.15
2023-10-24,173.52,101.71,330.74
2023-10-25,171.09,96.06,340.63
2023-10-26,167.1,93.69,328.08
2023-10-27,168.09,96.28,329.42
2023-10-30,170.23,96.29,337.44
2023-10-31,170.88,98.55,338.33
2023-11-01,174.03,108.04,346.26
2023-11-02,177.56,107.86,348.23
2023-11-03,176.57,112.25,352.77
2023-11-06,179.19,111.65,356.32
2023-11-07,181.85,113.47,360.61
2023-11-08,182.91,113.6,363.03
2023-11-09,182.36,113.44,360.56
2023-11-10,186.37,118.47,369.13
2023-11-13,184.71,116.78,366.45
2023-11-14,187.25,119.74,369.93
2023-11-15,188.08,117.93,369.59
2023-11-16,189.71,119.75,375.91
2023-11-17,189.84,120.69,369.77
2023-11-20,191.35,121.52,377.26
2023-11-21,190.64,119.15,372.87
2023-11-22,191.29,122.52,377.92
2023-11-24,189.87,122.19,377.47
2023-11-27,189.79,122.68,378.69
2023-11-28,190.34,122.05,382.67
2023-11-29,189.25,123.73,378.59
2023-11-30,190.13,121.21,378.99
2023-12-01,191.18,121.3,374.5
2023-12-04,189.47,118.59,369.03
2023-12-05,193.3,118.34,372.13
2023-12-06,192.29,116.74,368.43
2023-12-07,194.23,128.3,370.97
2023-12-08,195.73,128.9,374.28
2023-12-11,193.22,134.45,371.4
2023-12-12,194.49,137.51,374.04
2023-12-13,197.71,138.1,373.78
2023-12-14,197.92,137.97,365.83
2023-12-15,197.73,139.19,370.1
2023-12-18,195.87,138.92,372.49
2023-12-19,196.78,140.03,372.98
2023-12-20,195.12,135.55,370.99
2023-12-21,194.81,139.83,373.48
2023-12-22,193.58,139.5,374.38
2023-12-26,193.02,143.39,374.54
2023-12-27,192.97,145.98,373.43
2023-12-28,193.61,148.73,375.53
2023-12-29,192.51,147.32,375.82
2024-01-02,185.54,138.68,371.12
2024-01-03,184.28,135.36,370.5
2024-01-04,182.03,136.11,367.78
2024-01-05,181.15,138.64,367.94
2024-01-08,185.51,146.27,375.01
2024-01-09,185.07,149.14,375.62
2024-01-10,186.14,148.55,382.89
2024-01-11,185.69,148.03,384.7
2024-01-12,185.93,146.56,388.54
2024-01-16,183.57,158.66,390.17
2024-01-17,182.8,160.4,389.63
2024-01-18,188.77,162.73,393.89
2024-01-19,191.37,173.82,398.3
2024-01-22,193.83,168.24,396.58
2024-01-23,195.18,168.57,399.21
2024-01-24,194.38,178.21,402.52
2024-01-25,193.98,180.2,404.55
2024-01-26,192.27,177.19,403.87
2024-01-29,191.79,177.69,409.8
2024-01-30,188.01,172.15,408.96
2024-01-31,185.02,167.68,397.93
2024-02-01,186.75,170.45,403.53
2024-02-02,186.26,177.68,411.52
2024-02-05,188.01,174.28,405.92
2024-02-06,189.15,167.86,405.15
2024-02-07,189.27,170.76,413.96
2024-02-08,188.16,169.25,413.64
2024-02-09,188.81,172.35,420.41
2024-02-12,186.98,171.95,414.85
2024-02-13,185.08,171.59,406.59
2024-02-14,184.07,178.56,409.32
2024-02-15,184.09,176.75,406.03
2024-02-16,182.16,173.85,403.77
2024-02-20,181.33,165.65,402.16
2024-02-21,182.36,164.17,402.12
2024-02-22,184.31,181.59,411.49
2024-02-23,182.68,176.72,410.68
2024-02-26,181.24,176.0,407.69
2024-02-27,182.63,178.05,407.39
2024-02-28,181.37,176.49,407.62
2024-02-29,180.93,192.76,413.78
2024-03-01,179.69,202.59,415.41
2024-03-04,175.13,205.38,414.92
2024-03-05,170.17,205.19,402.65
2024-03-06,169.16,210.55,402.12
2024-03-07,169.09,211.49,409.13
2024-03-08,171.0,207.69,406.16
2024-03-11,172.72,198.24,404.55
2024-03-12,173.2,202.78,415.24
2024-03-13,171.16,194.84,414.68
2024-03-14,172.95,187.17,425.01
2024-03-15,172.44,190.95,416.28
2024-03-18,173.6,190.5,416.95
2024-03-19,176.05,181.58,421.52
2024-03-20,178.44,179.38,424.87
2024-03-21,171.5,178.83,429.56
2024-03-22,172.47,179.8,429.27
2024-03-25,170.87,178.59,422.39
2024-03-26,169.85,177.85,421.67
2024-03-27,173.22,179.45,421.27
2024-03-28,171.86,180.62,421.21
2024-04-01,169.96,183.15,424.51
2024-04-02,169.01,178.74,421.31
2024-04-03,169.57,180.72,420.22
2024-04-04,168.95,165.8,417.69
2024-04-05,169.58,170.35,425.33
2024-04-08,168.45,169.74,424.73
2024-04-09,169.39,170.44,425.57
2024-04-10,168.06,167.15,423.69
2024-04-11,175.14,170.49,428.15
2024-04-12,176.56,163.29,421.5
2024-04-15,172.78,160.32,413.71
2024-04-16,169.36,163.46,414.32
2024-04-17,168.28,154.29,412.6
2024-04-18,167.0,154.97,404.3
2024-04-19,165.0,146.66,399.01
2024-04-22,165.67,148.29,400.02
2024-04-23,166.8,152.12,406.92
2024-04-24,169.11,151.67,409.43
2024-04-25,169.86,153.66,399.45
2024-04-26,169.31,157.3,406.47
2024-04-29,173.36,160.16,402.13
2024-04-30,170.45,158.86,390.09
2024-05-01,169.54,144.23,395.01
2024-05-02,172.95,145.64,397.3
2024-05-03,183.11,150.5,406.58
2024-05-06,181.69,155.61,413.59
2024-05-07,182.56,154.51,409.4
2024-05-08,182.82,153.7,410.88
2024-05-09,184.55,152.36,412.11
2024-05-10,183.1,152.0,414.93
2024-05-13,186.11,150.51,413.52
2024-05-14,187.55,153.16,416.82
2024-05-15,189.63,159.48,423.12
2024-05-16,189.91,162.85,421.03
2024-05-17,189.79,164.35,419.6
2024-05-20,190.84,166.12,424.5
2024-05-21,192.32,164.8,429.05
2024-05-22,190.8,165.11,430.2
2024-05-23,186.82,160.21,427.04
2024-05-24,189.96,166.22,429.98
2024-05-28,189.82,171.29,429.72
2024-05-29,190.22,165.12,428.77
2024-05-30,191.29,166.75,414.56
2024-05-31,192.13,166.91,413.21
2024-06-03,193.77,163.35,413.08
2024-06-04,194.41,160.06,416.19
2024-06-05,195.84,166.13,423.53
2024-06-06,194.34,166.79,424.38
2024-06-07,196.85,167.86,424.08
2024-06-10,192.71,160.18,427.25
2024-06-11,206.86,158.85,432.41
2024-06-12,213.01,160.42,441.72
2024-06-13,214.69,160.25,441.95
2024-06-14,212.56,159.34,442.31
2024-06-17,216.51,158.32,448.27
2024-06-18,214.18,154.6,446.72
2024-06-20,209.55,161.66,445.76
2024-06-21,208.0,161.36,450.01
2024-06-24,208.3,160.31,447.64
2024-06-25,209.28,160.19,450.93
2024-06-26,213.31,157.56,452.2
2024-06-27,213.8,159.15,452.47
2024-06-28,210.95,162.44,448.0
2024-07-01,216.76,157.67,456.83
2024-07-02,220.29,164.1,459.03
2024-07-03,221.34,163.89,460.87
2024-07-05,226.42,171.82,467.78
2024-07-08,227.67,178.53,465.85
2024-07-09,228.74,177.24,459.35
2024-07-10,232.99,184.11,466.07
2024-07-11,227.76,181.83,455.04
2024-07-12,230.24,181.52,452.48
2024-07-15,234.12,179.57,452.45
2024-07-16,234.93,177.57,449.78
2024-07-17,229.14,159.57,443.82
2024-07-18,224.0,155.22,440.1
2024-07-19,224.22,151.53,436.5
2024-07-22,224.02,155.98,442.91
2024-07-23,224.84,153.94,444.36
2024-07-24,218.52,144.64,428.8
2024-07-25,217.59,138.23,418.21
2024-07-26,217.7,139.84,425.16
2024-07-29,218.16,139.65,426.74
2024-07-30,219.32,138.62,424.13
2024-07-31,222.12,144.53,418.5
2024-08-01,218.17,132.41,416.95
2024-08-02,219.2,132.32,408.07
2024-08-05,208.94,134.45,394.7
2024-08-06,206.58,130.12,399.43
2024-08-07,209.61,128.73,397.93
2024-08-08,212.82,136.08,401.79
2024-08-09,215.94,134.35,406.05
2024-08-12,217.0,136.54,406.34
2024-08-13,221.07,141.06,413.78
2024-08-14,222.04,140.76,417.49
2024-08-15,224.26,147.16,420.0
2024-08-16,225.84,148.57,418.37
2024-08-19,225.81,155.08,421.08
2024-08-20,226.57,156.45,425.26
2024-08-21,226.51,157.88,424.0
2024-08-22,224.06,151.63,414.81
2024-08-23,226.85,155.02,416.77
2024-08-26,226.85,150.01,412.87
2024-08-27,227.91,150.31,413.48
2024-08-28,226.41,146.47,410.47
2024-08-29,229.61,145.45,412.98
2024-08-30,228.97,148.44,416.86
2024-09-03,222.47,137.01,409.48
2024-09-04,221.09,141.09,409.54
2024-09-05,221.96,139.16,407.36
2024-09-06,220.76,134.29,401.7
2024-09-09,220.93,138.09,405.5
2024-09-10,220.12,142.93,414.65
2024-09-11,222.82,150.03,423.33
2024-09-12,222.73,150.7,426.41
2024-09-13,222.47,152.37,430.84
2024-09-16,216.41,152.03,431.48
2024-09-17,216.77,150.75,434.89
2024-09-18,220.71,148.24,430.67
2024-09-19,228.32,156.66,438.16
2024-09-20,228.3,155.85,435.82
2024-09-23,226.37,156.6,433.36
2024-09-24,226.91,158.14,428.79
2024-09-25,225.97,162.1,431.76
2024-09-26,227.55,167.59,431.24
2024-09-27,227.83,164.58,427.51
2024-09-30,232.91,164.12,429.95
2024-10-01,226.23,160.16,420.46
2024-10-02,226.85,159.94,417.33
2024-10-03,225.65,162.75,416.8
2024-10-04,226.84,170.81,416.24
2024-10-07,221.63,170.94,409.28
2024-10-08,225.82,172.93,415.04
2024-10-09,229.71,171.09,417.69
2024-10-10,229.14,164.18,416.09
2024-10-11,227.62,167.88,416.12
2024-10-14,231.41,165.21,419.26
